Tstar,Hstar_min,Hstar_med,Hstar_max,pixel_x,pixel_y_q85,pixel_y_median,pixel_y_q15
0.11210762331838565,0.7386986301369863,0.8013698630136986,0.863013698630137,260.0,251.1,245.0,239.0
0.13452914798206278,0.7191780821917808,0.791095890410959,0.8527397260273972,261.0,253.0,246.0,240.0
0.15695067264573992,0.6919520547945205,0.7602739726027398,0.821917808219178,262.0,255.65,249.0,243.0
0.17937219730941703,0.6883561643835616,0.7602739726027398,0.821917808219178,263.0,256.0,249.0,243.0
0.20179372197309417,0.6883561643835616,0.75,0.8116438356164384,264.0,256.0,250.0,244.0
0.2242152466367713,0.6883561643835616,0.7397260273972602,0.8013698630136986,265.0,256.0,251.0,245.0
0.24663677130044842,0.6883561643835616,0.7397260273972602,0.7936643835616438,266.0,256.0,251.0,245.75
0.26905829596412556,0.6883561643835616,0.7397260273972602,0.791095890410959,267.0,256.0,251.0,246.0
0.2914798206278027,0.6883561643835616,0.7294520547945206,0.7705479452054794,268.0,256.0,252.0,248.0
0.31390134529147984,0.6986301369863014,0.7294520547945206,0.7659246575342467,269.0,255.0,252.0,248.45
0.336322869955157,0.6986301369863014,0.7294520547945206,0.7659246575342467,270.0,255.0,252.0,248.45
0.35874439461883406,0.7011986301369864,0.7345890410958904,0.7659246575342467,271.0,254.75,251.5,248.45
0.3811659192825112,0.714041095890411,0.7397260273972602,0.7705479452054794,272.0,253.5,251.0,248.0
0.40358744394618834,0.7227739726027397,0.75,0.7772260273972603,273.0,252.65,250.0,247.35
0.4260089686098655,0.7371575342465754,0.7602739726027398,0.7808219178082192,274.0,251.25,249.0,247.0
0.4484304932735426,0.75,0.7705479452054794,0.7808219178082192,275.0,250.0,248.0,247.0
0.47085201793721976,0.7602739726027398,0.7808219178082192,0.791095890410959,276.0,249.0,247.0,246.0
0.49327354260089684,0.7674657534246574,0.7808219178082192,0.8044520547945206,277.0,248.3,247.0,244.7
0.515695067264574,0.7761986301369864,0.791095890410959,0.8116438356164384,278.0,247.45,246.0,244.0
0.5381165919282511,0.7880136986301368,0.8013698630136986,0.821917808219178,279.0,246.3,245.0,243.0
0.5605381165919282,0.791095890410959,0.8116438356164384,0.821917808219178,280.0,246.0,244.0,243.0
0.5829596412556054,0.8013698630136986,0.8116438356164384,0.8311643835616439,281.0,245.0,244.0,242.1
0.6053811659192825,0.8013698630136986,0.821917808219178,0.8321917808219178,282.0,245.0,243.0,242.0
0.6278026905829597,0.8116438356164384,0.821917808219178,0.8321917808219178,283.0,244.0,243.0,242.0
0.6502242152466368,0.8116438356164384,0.821917808219178,0.8321917808219178,284.0,244.0,243.0,242.0
0.672645739910314,0.8116438356164384,0.821917808219178,0.8414383561643837,285.0,244.0,243.0,241.1
0.695067264573991,0.8116438356164384,0.821917808219178,0.8424657534246576,286.0,244.0,243.0,241.0
0.7174887892376681,0.8116438356164384,0.821917808219178,0.8424657534246576,287.0,244.0,243.0,241.0
0.7399103139013453,0.8013698630136986,0.821917808219178,0.8424657534246576,288.0,245.0,243.0,241.0
0.7623318385650224,0.7967465753424658,0.8167808219178082,0.8424657534246576,289.0,245.45,243.5,241.0
0.7847533632286996,0.791095890410959,0.8116438356164384,0.8424657534246576,290.0,246.0,244.0,241.0
0.8071748878923767,0.791095890410959,0.8013698630136986,0.8321917808219178,291.0,246.0,245.0,242.0
0.8295964125560538,0.7808219178082192,0.7962328767123288,0.8296232876712328,292.0,247.0,245.5,242.25
0.852017937219731,0.7705479452054794,0.791095890410959,0.8224315068493152,293.0,248.0,246.0,242.95
0.874439461883408,0.7628424657534246,0.7808219178082192,0.821917808219178,294.0,248.75,247.0,243.0
0.8968609865470852,0.7602739726027398,0.7705479452054794,0.8136986301369862,295.0,249.0,248.0,243.8
0.9192825112107623,0.75,0.7705479452054794,0.791609589041096,296.0,250.0,248.0,245.95
0.9417040358744395,0.75,0.7602739726027398,0.791095890410959,297.0,250.0,249.0,246.0
0.9641255605381166,0.75,0.7602739726027398,0.7876712328767123,298.0,250.0,249.0,246.33333333333334
0.9865470852017937,0.75,0.7602739726027398,0.7842465753424659,299.0,250.0,249.0,246.66666666666666
1.0089686098654709,0.75,0.7602739726027398,0.7808219178082192,300.0,250.0,249.0,247.0
1.031390134529148,0.75,0.7602739726027398,0.7773972602739725,301.0,250.0,249.0,247.33333333333334
1.053811659192825,0.75,0.7602739726027398,0.7739726027397261,302.0,250.0,249.0,247.66666666666666
1.0762331838565022,0.75,0.7602739726027398,0.7705479452054794,303.0,250.0,249.0,248.0
1.0986547085201794,0.75,0.7602739726027398,0.7705479452054794,304.0,250.0,249.0,248.0
1.1210762331838564,0.75,0.7602739726027398,0.7705479452054794,305.0,250.0,249.0,248.0
1.1434977578475336,0.7551369863013698,0.7602739726027398,0.7705479452054794,306.0,249.5,249.0,248.0
1.1659192825112108,0.7602739726027398,0.7705479452054794,0.7808219178082192,307.0,249.0,248.0,247.0
1.188340807174888,0.7602739726027398,0.7705479452054794,0.7808219178082192,308.0,249.0,248.0,247.0
1.210762331838565,0.7623287671232876,0.7705479452054794,0.7808219178082192,309.0,248.8,248.0,247.0
1.2331838565022422,0.7705479452054794,0.7808219178082192,0.7808219178082192,310.0,248.0,247.0,247.0
1.2556053811659194,0.7705479452054794,0.7808219178082192,0.7808219178082192,311.0,248.0,247.0,247.0
1.2780269058295963,0.7705479452054794,0.7808219178082192,0.785958904109589,312.0,248.0,247.0,246.5
1.3004484304932735,0.7705479452054794,0.7808219178082192,0.785958904109589,313.0,248.0,247.0,246.5
1.3228699551569507,0.7705479452054794,0.7808219178082192,0.785958904109589,314.0,248.0,247.0,246.5
1.345291479820628,0.7705479452054794,0.7808219178082192,0.7875000000000001,315.0,248.0,247.0,246.35
1.3677130044843049,0.7705479452054794,0.7808219178082192,0.791095890410959,316.0,248.0,247.0,246.0
1.390134529147982,0.7705479452054794,0.7808219178082192,0.791095890410959,317.0,248.0,247.0,246.0
1.4125560538116593,0.7669520547945206,0.7808219178082192,0.791095890410959,318.0,248.35,247.0,246.0
1.4349775784753362,0.7602739726027398,0.7705479452054794,0.791095890410959,319.0,249.0,248.0,246.0
1.4573991031390134,0.7602739726027398,0.7705479452054794,0.791095890410959,320.0,249.0,248.0,246.0
1.4798206278026906,0.7541095890410959,0.7705479452054794,0.791095890410959,321.0,249.6,248.0,246.0
1.5022421524663676,0.75,0.7705479452054794,0.791095890410959,322.0,250.0,248.0,246.0
1.5246636771300448,0.75,0.7654109589041096,0.791095890410959,323.0,250.0,248.5,246.0
1.547085201793722,0.7494863013698629,0.7654109589041096,0.791095890410959,324.0,250.05,248.5,246.0
1.5695067264573992,0.7397260273972602,0.7654109589041096,0.791095890410959,325.0,251.0,248.5,246.0
1.5919282511210762,0.7376712328767124,0.7602739726027398,0.782876712328767,326.0,251.2,249.0,246.8
1.6143497757847534,0.7294520547945206,0.75,0.7808219178082192,327.0,252.0,250.0,247.0
1.6367713004484306,0.7294520547945206,0.7397260273972602,0.7741438356164383,328.0,252.0,251.0,247.65
1.6591928251121075,0.7294520547945206,0.7397260273972602,0.7705479452054794,329.0,252.0,251.0,248.0
1.6816143497757847,0.7273972602739727,0.7397260273972602,0.7705479452054794,330.0,252.2,251.0,248.0
1.704035874439462,0.7191780821917808,0.7345890410958904,0.7638698630136985,331.0,253.0,251.5,248.65
1.7264573991031391,0.7191780821917808,0.7345890410958904,0.7505136986301371,332.0,253.0,251.5,249.95
1.748878923766816,0.7191780821917808,0.7294520547945206,0.75,333.0,253.0,252.0,250.0
1.7713004484304933,0.7191780821917808,0.7294520547945206,0.75,334.0,253.0,252.0,250.0
1.7937219730941705,0.7191780821917808,0.7294520547945206,0.7448630136986302,335.0,253.0,252.0,250.5
1.8161434977578474,0.7191780821917808,0.7294520547945206,0.7397260273972602,336.0,253.0,252.0,251.0
1.8385650224215246,0.7212328767123286,0.7294520547945206,0.7397260273972602,337.0,252.8,252.0,251.0
1.8609865470852018,0.7212328767123286,0.7294520547945206,0.7397260273972602,338.0,252.8,252.0,251.0
1.883408071748879,0.7227739726027397,0.7345890410958904,0.7397260273972602,339.0,252.65,251.5,251.0
1.905829596412556,0.7294520547945206,0.7397260273972602,0.7494863013698629,340.0,252.0,251.0,250.05
1.9282511210762332,0.7397260273972602,0.7397260273972602,0.75,341.0,251.0,251.0,250.0
1.9506726457399104,0.7414383561643835,0.7431506849315069,0.7534246575342467,342.0,250.83333333333334,250.66666666666666,249.66666666666666
1.9730941704035874,0.7431506849315069,0.7465753424657533,0.7568493150684931,343.0,250.66666666666666,250.33333333333334,249.33333333333334
1.9955156950672646,0.7448630136986302,0.75,0.7602739726027398,344.0,250.5,250.0,249.0
2.0179372197309418,0.7465753424657533,0.7534246575342467,0.7636986301369864,345.0,250.33333333333334,249.66666666666666,248.66666666666666
2.0403587443946187,0.7482876712328768,0.7568493150684931,0.7671232876712328,346.0,250.16666666666666,249.33333333333334,248.33333333333334
2.062780269058296,0.75,0.7602739726027398,0.7705479452054794,347.0,250.0,249.0,248.0
2.085201793721973,0.75,0.7602739726027398,0.7705479452054794,348.0,250.0,249.0,248.0
2.10762331838565,0.75,0.7602739726027398,0.7705479452054794,349.0,250.0,249.0,248.0
2.1300448430493275,0.75,0.7602739726027398,0.7705479452054794,350.0,250.0,249.0,248.0
2.1524663677130045,0.75,0.7602739726027398,0.7705479452054794,351.0,250.0,249.0,248.0
2.1748878923766815,0.75,0.7602739726027398,0.7684931506849316,352.0,250.0,249.0,248.2
2.197309417040359,0.75,0.7551369863013698,0.7602739726027398,353.0,250.0,249.5,249.0
2.219730941704036,0.75,0.75,0.7602739726027398,354.0,250.0,250.0,249.0
2.242152466367713,0.7402397260273974,0.75,0.7602739726027398,355.0,250.95,250.0,249.0
2.2645739910313902,0.7397260273972602,0.75,0.7684931506849316,356.0,251.0,250.0,248.2
2.286995515695067,0.7397260273972602,0.75,0.7705479452054794,357.0,251.0,250.0,248.0
2.309417040358744,0.7315068493150684,0.7397260273972602,0.7705479452054794,358.0,251.8,251.0,248.0
2.3318385650224216,0.7294520547945206,0.7397260273972602,0.7705479452054794,359.0,252.0,251.0,248.0
2.3542600896860986,0.7294520547945206,0.7397260273972602,0.7607876712328768,360.0,252.0,251.0,248.95
2.376681614349776,0.7294520547945206,0.7397260273972602,0.7602739726027398,361.0,252.0,251.0,249.0
2.399103139013453,0.7294520547945206,0.7397260273972602,0.7592465753424658,362.0,252.0,251.0,249.1
2.42152466367713,0.7294520547945206,0.7397260273972602,0.7592465753424658,363.0,252.0,251.0,249.1
2.4439461883408073,0.7294520547945206,0.7397260273972602,0.7592465753424658,364.0,252.0,251.0,249.1
2.4663677130044843,0.7304794520547945,0.75,0.7602739726027398,365.0,251.9,250.0,249.0
2.4887892376681613,0.7397260273972602,0.75,0.7602739726027398,366.0,251.0,250.0,249.0
2.5112107623318387,0.7407534246575342,0.7602739726027398,0.7695205479452055,367.0,250.9,249.0,248.1
2.5336322869955157,0.75,0.7602739726027398,0.7705479452054794,368.0,250.0,249.0,248.0
2.5560538116591927,0.7566780821917809,0.7602739726027398,0.7705479452054794,369.0,249.35,249.0,248.0
2.57847533632287,0.7602739726027398,0.7602739726027398,0.7705479452054794,370.0,249.0,249.0,248.0
2.600896860986547,0.7602739726027398,0.7654109589041096,0.7705479452054794,371.0,249.0,248.5,248.0
2.623318385650224,0.7602739726027398,0.7705479452054794,0.7772260273972603,372.0,249.0,248.0,247.35
2.6457399103139014,0.7602739726027398,0.7705479452054794,0.7808219178082192,373.0,249.0,248.0,247.0
2.6681614349775784,0.7654109589041096,0.7705479452054794,0.7808219178082192,374.0,248.5,248.0,247.0
2.690582959641256,0.7705479452054794,0.7808219178082192,0.782876712328767,375.0,248.0,247.0,246.8
2.713004484304933,0.7705479452054794,0.7808219178082192,0.791095890410959,376.0,248.0,247.0,246.0
2.7354260089686098,0.7705479452054794,0.7808219178082192,0.791095890410959,377.0,248.0,247.0,246.0
2.757847533632287,0.7772260273972603,0.791095890410959,0.7946917808219177,378.0,247.35,246.0,245.65
2.780269058295964,0.7808219178082192,0.791095890410959,0.8013698630136986,379.0,247.0,246.0,245.0
2.802690582959641,0.7808219178082192,0.791095890410959,0.8013698630136986,380.0,247.0,246.0,245.0
2.8251121076233185,0.7808219178082192,0.791095890410959,0.8013698630136986,381.0,247.0,246.0,245.0
2.8475336322869955,0.7808219178082192,0.791095890410959,0.8013698630136986,382.0,247.0,246.0,245.0
2.8699551569506725,0.7808219178082192,0.791095890410959,0.8013698630136986,383.0,247.0,246.0,245.0
2.89237668161435,0.7808219178082192,0.791095890410959,0.8013698630136986,384.0,247.0,246.0,245.0
2.914798206278027,0.7808219178082192,0.791095890410959,0.8013698630136986,385.0,247.0,246.0,245.0
2.937219730941704,0.7808219178082192,0.791095890410959,0.8013698630136986,386.0,247.0,246.0,245.0
2.9596412556053813,0.779109589041096,0.791095890410959,0.8013698630136986,387.0,247.16666666666666,246.0,245.0
2.9820627802690582,0.7773972602739725,0.791095890410959,0.8013698630136986,388.0,247.33333333333334,246.0,245.0
3.004484304932735,0.7756849315068494,0.791095890410959,0.8013698630136986,389.0,247.5,246.0,245.0
3.0269058295964126,0.7739726027397261,0.791095890410959,0.8013698630136986,390.0,247.66666666666666,246.0,245.0
3.0493273542600896,0.7722602739726027,0.791095890410959,0.8013698630136986,391.0,247.83333333333334,246.0,245.0
3.071748878923767,0.7705479452054794,0.791095890410959,0.8013698630136986,392.0,248.0,246.0,245.0
3.094170403587444,0.7700342465753424,0.7808219178082192,0.791609589041096,393.0,248.05,247.0,245.95
3.116591928251121,0.7602739726027398,0.7756849315068494,0.791095890410959,394.0,249.0,247.5,246.0
3.1390134529147984,0.7602739726027398,0.7705479452054794,0.791095890410959,395.0,249.0,248.0,246.0
3.1614349775784754,0.7602739726027398,0.7705479452054794,0.791095890410959,396.0,249.0,248.0,246.0
3.1838565022421523,0.7602739726027398,0.7705479452054794,0.791095890410959,397.0,249.0,248.0,246.0
3.2062780269058297,0.7602739726027398,0.7705479452054794,0.791095890410959,398.0,249.0,248.0,246.0
3.2286995515695067,0.7684931506849316,0.7808219178082192,0.791095890410959,399.0,248.2,247.0,246.0
3.2511210762331837,0.7705479452054794,0.7808219178082192,0.791095890410959,400.0,248.0,247.0,246.0
3.273542600896861,0.7705479452054794,0.7808219178082192,0.791095890410959,401.0,248.0,247.0,246.0
3.295964125560538,0.7705479452054794,0.7808219178082192,0.791095890410959,402.0,248.0,247.0,246.0
3.318385650224215,0.7705479452054794,0.7808219178082192,0.791095890410959,403.0,248.0,247.0,246.0
3.3408071748878925,0.7741438356164383,0.7808219178082192,0.791095890410959,404.0,247.65,247.0,246.0
3.3632286995515694,0.7756849315068494,0.7808219178082192,0.791095890410959,405.0,247.5,247.0,246.0
3.3856502242152464,0.7772260273972603,0.785958904109589,0.791095890410959,406.0,247.35,246.5,246.0
3.408071748878924,0.7808219178082192,0.785958904109589,0.791095890410959,407.0,247.0,246.5,246.0
3.430493273542601,0.7808219178082192,0.791095890410959,0.791095890410959,408.0,247.0,246.0,246.0
3.4529147982062782,0.7808219178082192,0.791095890410959,0.791095890410959,409.0,247.0,246.0,246.0
3.475336322869955,0.7808219178082192,0.791095890410959,0.791095890410959,410.0,247.0,246.0,246.0
3.497757847533632,0.7808219178082192,0.785958904109589,0.791095890410959,411.0,247.0,246.5,246.0
3.5201793721973096,0.7756849315068494,0.7808219178082192,0.791095890410959,412.0,247.5,247.0,246.0
3.5426008968609866,0.7756849315068494,0.7808219178082192,0.791095890410959,413.0,247.5,247.0,246.0
3.5650224215246635,0.7705479452054794,0.7808219178082192,0.791095890410959,414.0,248.0,247.0,246.0
3.587443946188341,0.7684931506849316,0.7808219178082192,0.791095890410959,415.0,248.2,247.0,246.0
3.609865470852018,0.7602739726027398,0.7705479452054794,0.791095890410959,416.0,249.0,248.0,246.0
3.632286995515695,0.7602739726027398,0.7705479452054794,0.791095890410959,417.0,249.0,248.0,246.0
3.6547085201793723,0.7541095890410959,0.7705479452054794,0.791095890410959,418.0,249.6,248.0,246.0
3.6771300448430493,0.75,0.7705479452054794,0.788527397260274,419.0,250.0,248.0,246.25
3.6995515695067263,0.7397260273972602,0.7602739726027398,0.7808219178082192,420.0,251.0,249.0,247.0
3.7219730941704037,0.7304794520547945,0.75,0.7808219178082192,421.0,251.9,250.0,247.0
3.7443946188340806,0.7202054794520547,0.7397260273972602,0.7705479452054794,422.0,252.9,251.0,248.0
3.766816143497758,0.711472602739726,0.7345890410958904,0.7679794520547946,423.0,253.75,251.5,248.25
3.789237668161435,0.7042808219178084,0.7294520547945206,0.7602739726027398,424.0,254.45,252.0,249.0
3.811659192825112,0.6883561643835616,0.7191780821917808,0.7602739726027398,425.0,256.0,253.0,249.0
3.8340807174887894,0.678082191780822,0.708904109589041,0.75,426.0,257.0,254.0,250.0
3.8565022421524664,0.6678082191780822,0.6986301369863014,0.7397260273972602,427.0,258.0,255.0,251.0
3.8789237668161434,0.6575342465753424,0.6832191780821918,0.7294520547945206,428.0,259.0,256.5,252.0
3.901345291479821,0.6472602739726028,0.678082191780822,0.7294520547945206,429.0,260.0,257.0,252.0
3.9237668161434978,0.6107876712328766,0.6575342465753424,0.7191780821917808,430.0,263.55,259.0,253.0
3.9461883408071747,0.5192636986301365,0.5941780821917806,0.6917808219178083,431.0,272.45833333333337,265.1666666666667,255.66666666666666
3.968609865470852,0.4277397260273972,0.5308219178082194,0.6643835616438358,432.0,281.3666666666667,271.3333333333333,258.3333333333333
3.991031390134529,0.33621575342465776,0.4674657534246575,0.636986301369863,433.0,290.275,277.5,261.0
4.013452914798206,0.24469178082191778,0.4041095890410957,0.6095890410958902,434.0,299.18333333333334,283.6666666666667,263.6666666666667
4.0358744394618835,0.15316780821917778,0.34075342465753444,0.582191780821918,435.0,308.0916666666667,289.8333333333333,266.3333333333333
4.058295964125561,0.06164383561643835,0.2773972602739726,0.5547945205479452,436.0,317.0,296.0,269.0
4.0807174887892375,0.0410958904109589,0.2773972602739726,0.5511986301369861,437.0,319.0,296.0,269.35
4.103139013452915,0.0,0.2363013698630137,0.53527397260274,438.0,320.0,300.0,270.9
4.125560538116592,0.0,0.21575342465753425,0.4808219178082193,439.0,320.0,302.0,276.2
4.147982062780269,0.0,0.21575342465753425,0.46027397260273983,440.0,320.0,302.0,278.2
4.170403587443946,0.0,0.1797945205479452,0.416609589041096,441.0,320.0,305.5,282.45
4.192825112107624,0.0,0.1643835616438356,0.3904109589041096,442.0,320.0,307.0,285.0
4.2152466367713,0.0,0.0410958904109589,0.1530821917808217,443.0,321.0,319.0,308.1
4.237668161434978,0.0,0.0,0.0410958904109589,444.0,321.6,320.0,319.0
4.260089686098655,0.0,0.0,0.0410958904109589,445.0,321.75,320.0,319.0
4.2825112107623315,0.0,0.0,0.0410958904109589,446.0,321.75,320.0,319.0
4.304932735426009,0.0,0.0,0.0410958904109589,447.0,322.0,320.5,319.0
4.327354260089686,0.0,0.0,0.0,448.0,322.0,321.0,319.65
4.349775784753363,0.0,0.0,0.0,449.0,322.0,321.0,320.0
4.37219730941704,0.0,0.0,0.0,450.0,322.0,321.0,320.0
4.394618834080718,0.0,0.0,0.0,451.0,322.0,321.0,320.2
4.417040358744394,0.0,0.0,0.0,452.0,322.0,321.0,320.35
4.439461883408072,0.0,0.0,0.0,453.0,322.0,321.0,320.35
4.461883408071749,0.0,0.0,0.0,454.0,322.0,321.0,320.35
4.484304932735426,0.0,0.0,0.0,455.0,322.0,321.0,321.0
4.506726457399103,0.0,0.0,0.0,456.0,322.0,321.0,321.0
4.5291479820627805,0.0,0.0,0.0,457.0,322.0,321.0,321.0
4.551569506726457,0.0,0.0,0.0,458.0,322.0,321.0,321.0
4.573991031390134,0.0,0.0,0.0,459.0,321.95,321.0,321.0
4.596412556053812,0.0,0.0,0.0,460.0,321.95,321.0,321.0
4.618834080717488,0.0,0.0,0.0,461.0,321.95,321.0,321.0
4.641255605381166,0.0,0.0,0.0,462.0,322.0,321.0,321.0
4.663677130044843,0.0,0.0,0.0,463.0,322.0,321.0,321.0
4.686098654708521,0.0,0.0,0.0,464.0,322.0,321.0,321.0
4.708520179372197,0.0,0.0,0.0,465.0,322.0,321.0,321.0
4.7309417040358746,0.0,0.0,0.0,466.0,322.0,321.0,321.0
4.753363228699552,0.0,0.0,0.0,467.0,322.0,321.0,321.0
4.7757847533632285,0.0,0.0,0.0,468.0,322.0,321.0,321.0
4.798206278026906,0.0,0.0,0.0,469.0,322.0,321.0,321.0
4.820627802690583,0.0,0.0,0.0,470.0,322.0,321.0,321.0
4.84304932735426,0.0,0.0,0.0,471.0,322.0,321.0,321.0
4.865470852017937,0.0,0.0,0.0,472.0,322.0,321.0,321.0
4.887892376681615,0.0,0.0,0.0,473.0,322.0,321.0,321.0
4.910313901345291,0.0,0.0,0.0,474.0,322.0,321.0,321.0
4.932735426008969,0.0,0.0,0.0,475.0,322.0,321.0,321.0
4.955156950672646,0.0,0.0,0.0,476.0,322.0,321.0,321.0
