time_s,Tstar,Yint_star,Yfs_star
0.005,0.006134691489126103,0.0,0.5901516681465216
0.01,0.012269382978252205,0.0,0.5901160437838813
0.015,0.01840407446737831,0.0,0.5900571175448459
0.02,0.02453876595650441,0.0,0.5899743932368045
0.025,0.030673457445630516,0.0,0.5898672119765139
0.03,0.03680814893475662,0.0,0.5897347048682167
0.035,0.042942840423882724,0.0,0.5895757379732306
0.04,0.04907753191300882,0.0,0.5893888686478097
0.045,0.05521222340213492,0.0,0.5891723032616464
0.05,0.06134691489126103,0.0,0.5889237748314663
0.055,0.06748160638038714,0.0,0.5886404408176256
0.06,0.07361629786951324,0.0,0.5883187323000018
0.065,0.07975098935863933,0.0,0.5879541800979442
0.07,0.08588568084776545,0.0,0.5875411730167498
0.075,0.09202037233689155,0.0,0.5870726450971223
0.08,0.09815506382601764,0.0,0.5865396750644248
0.085,0.10428975531514376,0.0,0.5859309604187819
0.09,0.11042444680426984,0.0,0.5852320821877399
0.095,0.11655913829339595,0.0,0.5844254031059101
0.1,0.12269382978252207,0.0,0.5835017055217473
0.105,0.12882852127164815,0.0,0.5824451274625945
0.11,0.13496321276077428,0.0,0.5812935404853101
0.115,0.14109790424990037,0.0,0.5802775244633833
0.12,0.14723259573902647,0.0,0.5793995984237953
0.125,0.15336728722815257,0.0,0.5786380675575226
0.13,0.15950197871727867,0.0,0.5779753222612678
0.135,0.1656366702064048,0.0,0.5773969246402164
0.14,0.1717713616955309,0.0,0.5768909762261664
0.145,0.17790605318465696,0.0,0.5764475393096553
0.15,0.1840407446737831,0.0,0.5760582925131891
0.155,0.1901754361629092,0.0,0.5757162184017823
0.16,0.1963101276520353,0.0,0.5754153579440953
0.165,0.20244481914116141,0.0,0.5751506307576066
0.17,0.2085795106302875,0.0,0.5749176750106502
0.175,0.21471420211941358,0.0,0.5747127426836931
0.18,0.22084889360853968,0.0,0.5745325826074424
0.185,0.2269835850976658,0.0,0.5743743750391381
0.19,0.2331182765867919,0.0,0.5742356630659476
0.195,0.23925296807591803,0.0,0.5741142918840278
0.2,0.24538765956504413,0.0,0.5740083708031203
0.205,0.2515223510541702,0.0,0.5739162265859096
0.21,0.2576570425432963,0.0,0.5738363791044035
0.215,0.2637917340324224,0.0,0.5737704918032789
0.22,0.26992642552154855,0.0,0.5737704918032789
0.225,0.27606111701067465,0.0,0.5737704918032789
0.23,0.28219580849980075,0.0,0.5737704918032789
0.235,0.2883304999889268,0.0,0.5737704918032789
0.24,0.29446519147805295,0.0,0.5737704918032789
0.245,0.30059988296717904,0.0,0.5737704918032789
0.25,0.30673457445630514,0.0,0.5737704918032789
0.255,0.31286926594543124,0.0,0.5737704918032789
0.26,0.31900395743455734,0.0,0.5737704918032789
0.265,0.3251386489236835,0.0,0.5737704918032789
0.27,0.3312733404128096,0.0,0.5737704918032789
0.275,0.3374080319019357,0.0,0.5737704918032789
0.28,0.3435427233910618,0.0,0.5737704918032789
0.285,0.34967741488018783,0.0,0.5737704918032789
0.29,0.35581210636931393,0.0,0.5737704918032789
0.295,0.36194679785844003,0.0,0.5737704918032789
0.3,0.3680814893475662,0.0,0.5737704918032789
0.305,0.3742161808366923,0.0,0.5737704918032789
0.31,0.3803508723258184,0.0,0.5737704918032789
0.315,0.3864855638149445,0.0,0.5737704918032789
0.32,0.3926202553040706,0.0,0.5737704918032789
0.325,0.3987549467931967,0.0,0.5737704918032789
0.33,0.40488963828232283,0.0,0.5737704918032789
0.335,0.4110243297714489,0.0,0.5737704918032789
0.34,0.417159021260575,0.0,0.5737704918032789
0.345,0.42329371274970107,0.0,0.5737704918032789
0.35,0.42942840423882717,0.0,0.5737704918032789
0.355,0.43556309572795326,0.0,0.5737704918032789
0.36,0.44169778721707936,0.0,0.5737704918032789
0.365,0.4478324787062055,0.0,0.5737704918032789
0.37,0.4539671701953316,0.0,0.5737704918032789
0.375,0.4601018616844577,0.0,0.5737704918032789
0.38,0.4662365531735838,0.0,0.5737704918032789
0.385,0.4723712446627099,0.0,0.5737704918032789
0.39,0.47850593615183606,0.0,0.5737704918032789
0.395,0.48464062764096216,0.0,0.5737704918032789
0.4,0.49077531913008826,0.0,0.5737704918032789
0.405,0.49691001061921436,0.0,0.5737704918032789
0.41,0.5030447021083404,0.0,0.5737704918032789
0.415,0.5091793935974666,0.0,0.5737704918032789
0.42,0.5153140850865926,0.0,0.5737704918032789
0.425,0.5214487765757188,0.0,0.5737708195760657
0.43,0.5275834680648448,0.0,0.5737748235604727
0.435,0.533718159553971,0.0,0.5737842805667408
0.44,0.5398528510430971,0.0,0.5738004043482736
0.445,0.5459875425322231,0.0,0.5738245494216873
0.45,0.5521222340213493,0.0,0.5738580376689174
0.455,0.5582569255104753,0.0,0.5739022352143984
0.46,0.5643916169996015,0.0,0.5739585589955746
0.465,0.5705263084887275,0.0,0.574028462010359
0.47,0.5766609999778536,0.0,0.5741134360799179
0.475,0.5827956914669797,0.0,0.5742149866197456
0.48,0.5889303829561059,0.0,0.5743347791453091
0.485,0.5950650744452319,0.0,0.5744744614907774
0.49,0.6011997659343581,0.0,0.5746358251457307
0.495,0.6073344574234841,0.0,0.5748207980433042
0.5,0.6134691489126103,0.0,0.5750314763801212
0.505,0.6196038404017364,0.0,0.5752701779334788
0.51,0.6257385318908625,0.0,0.5755394768300275
0.515,0.6318732233799886,0.0,0.5758422628142571
0.52,0.6380079148691147,0.0,0.5761818166383283
0.525,0.6441426063582408,0.0,0.5765618589981822
0.53,0.650277297847367,0.0,0.5769866484618725
0.535,0.656411989336493,0.0,0.5774610796558634
0.54,0.6625466808256192,0.0,0.577990801110081
0.545,0.6686813723147452,0.0,0.5785823347435604
0.55,0.6748160638038714,0.0,0.5792666831812324
0.555,0.6809507552929974,0.0,0.5801898415759262
0.56,0.6870854467821236,0.0,0.5811966490025446
0.565,0.6932201382712495,0.0,0.5822791392148802
0.57,0.6993548297603757,0.0,0.583243019186795
0.575,0.7054895212495018,0.0,0.5840502738084798
0.58,0.7116242127386279,0.0,0.5847319749913438
0.585,0.717758904227754,0.0,0.585311609121851
0.59,0.7238935957168801,0.0,0.5858072547814404
0.595,0.7300282872060062,0.0,0.586233009748884
0.6,0.7361629786951324,0.0,0.586600037478221
0.605,0.7422976701842584,0.0,0.5869172684130125
0.61,0.7484323616733846,0.0,0.5871919037125074
0.615,0.7545670531625106,0.0,0.5874298149046597
0.62,0.7607017446516368,0.0,0.5876358202126137
0.625,0.7668364361407629,0.0,0.5878138881739184
0.63,0.772971127629889,0.0,0.5879672914873725
0.635,0.7791058191190151,0.0,0.588098738323853
0.64,0.7852405106081412,0.0,0.5882104792707261
0.645,0.7913752020972673,0.0,0.5883043597763421
0.65,0.7975098935863933,0.0,0.5883819011986443
0.655,0.8036445850755195,0.0,0.5884443268825317
0.66,0.8097792765646457,0.0,0.5884926053258009
0.665,0.8159139680537717,0.0,0.5885274762414494
0.67,0.8220486595428979,0.0,0.5885494634984993
0.675,0.8281833510320239,0.0,0.5885589061675935
0.68,0.83431804252115,0.0,0.5885560030553519
0.685,0.8404527340102762,0.0,0.5885408848952751
0.69,0.8465874254994021,0.0,0.5885133435092492
0.695,0.8527221169885283,0.0,0.5884729825214511
0.7,0.8588568084776543,0.0,0.5884192190472278
0.705,0.8649914999667805,0.0,0.588351272202887
0.71,0.8711261914559065,0.0,0.5882682171957206
0.715,0.8772608829450327,0.0,0.5881689412784016
0.72,0.8833955744341587,0.0,0.5880519029210317
0.725,0.8895302659232849,0.0,0.5879151115458858
0.73,0.895664957412411,0.0,0.5877563726758781
0.735,0.9017996489015371,0.0,0.587573260571634
0.74,0.9079343403906632,0.0,0.5873627029514065
0.745,0.9140690318797893,0.0,0.5871211384844932
0.75,0.9202037233689154,0.0,0.5868444802064587
0.755,0.9263384148580416,0.0,0.5865276499827949
0.76,0.9324731063471676,0.0,0.5861644868346255
0.765,0.9386077978362938,0.0,0.58574748932709
0.77,0.9447424893254198,0.0,0.5852673773393197
0.775,0.950877180814546,0.0,0.5847125979963235
0.78,0.9570118723036721,0.0,0.5839111659726258
0.785,0.9631465637927982,0.0,0.5829947416256147
0.79,0.9692812552819243,0.0,0.5819476162412076
0.795,0.9754159467710504,0.0,0.5809059198933232
0.8,0.9815506382601765,0.0,0.5799950325559026
0.805,0.9876853297493026,0.0,0.5791966546830388
0.81,0.9938200212384287,0.0,0.5784954492792163
0.815,0.9999547127275547,0.0,0.577878476461744
0.82,1.0060894042166808,0.0,0.5773347716366575
0.825,1.0122240957058068,0.0,0.5768550031708173
0.83,1.0183587871949331,0.0,0.5764312051977838
0.835,1.0244934786840592,0.0,0.576056556226616
0.84,1.0306281701731852,0.0,0.5757251814025712
0.845,1.0367628616623112,0.0,0.5754319954625289
0.85,1.0428975531514375,0.0,0.5751725973357802
0.855,1.0490322446405635,0.0,0.5749431607532587
0.86,1.0551669361296896,0.0,0.5747403445835578
0.865,1.0613016276188159,0.0,0.5745612203500625
0.87,1.067436319107942,0.0,0.5744032163856765
0.875,1.073571010597068,0.0,0.5742640782180531
0.88,1.0797057020861942,0.0,0.5741418088933277
0.885,1.0858403935753203,0.0,0.574034642660661
0.89,1.0919750850644463,0.0,0.5739410053052474
0.895,1.0981097765535723,0.0,0.5738594913660484
0.9,1.1042444680426986,0.0,0.5737888413659411
0.905,1.1103791595318246,0.0,0.5737704918032789
0.91,1.1165138510209507,0.0,0.5737704918032789
0.915,1.122648542510077,0.0,0.5737704918032789
0.92,1.128783233999203,0.0,0.5737704918032789
0.925,1.134917925488329,0.0,0.5737704918032789
0.93,1.141052616977455,0.0,0.5737704918032789
0.935,1.1471873084665813,0.0,0.5737704918032789
0.94,1.1533219999557072,0.0,0.5737704918032789
0.945,1.1594566914448334,0.0,0.5737704918032789
0.95,1.1655913829339595,0.0,0.5737704918032789
0.955,1.1717260744230855,0.0,0.5737704918032789
0.96,1.1778607659122118,0.0,0.5737704918032789
0.965,1.1839954574013378,0.0,0.5737704918032789
0.97,1.1901301488904639,0.0,0.5737704918032789
0.975,1.1962648403795901,0.0,0.5737704918032789
0.98,1.2023995318687162,0.0,0.5737704918032789
0.985,1.2085342233578422,0.0,0.5737704918032789
0.99,1.2146689148469683,0.0,0.5737704918032789
0.995,1.2208036063360945,0.0,0.5737704918032789
1.0,1.2269382978252206,0.0,0.5737704918032789
1.005,1.2330729893143466,0.0,0.5737704918032789
1.01,1.2392076808034729,0.0,0.5737704918032789
1.015,1.2453423722925987,0.0,0.5737704918032789
1.02,1.251477063781725,0.0,0.5737704918032789
1.025,1.257611755270851,0.0,0.5737704918032789
1.03,1.2637464467599773,0.0,0.5737704918032789
1.035,1.269881138249103,0.0,0.5737704918032789
1.04,1.2760158297382294,0.0,0.5737704918032789
1.045,1.2821505212273554,0.0,0.5737704918032789
1.05,1.2882852127164817,0.0,0.5737704918032789
1.055,1.2944199042056077,0.0,0.5737704918032789
1.06,1.300554595694734,0.0,0.5737704918032789
1.065,1.3066892871838598,0.0,0.5737704918032789
1.07,1.312823978672986,0.0,0.5737704918032789
1.075,1.318958670162112,0.0,0.5737704918032789
1.08,1.3250933616512384,0.0,0.5737704918032789
1.085,1.3312280531403642,0.0,0.5737704918032789
1.09,1.3373627446294905,0.0,0.5737704918032789
1.095,1.3434974361186165,0.0,0.5737704918032789
1.1,1.3496321276077428,0.0,0.5737704918032789
1.105,1.3557668190968688,0.0,0.5737704918032789
1.11,1.3619015105859948,0.0,0.5737704918032789
1.115,1.3680362020751209,0.0,0.573771267955676
1.12,1.3741708935642472,0.0,0.5737760424252203
1.125,1.3803055850533732,0.0,0.5737860682960048
1.13,1.386440276542499,0.0,0.5738024246476547
1.135,1.3925749680316253,0.0,0.5738262329279391
1.14,1.3987096595207513,0.0,0.573858605179166
1.145,1.4048443510098776,0.0,0.5739007282200057
1.15,1.4109790424990036,0.0,0.5739537942644761
1.155,1.41711373398813,0.0,0.5740190054767834
1.16,1.4232484254772557,0.0,0.5740975257825469
1.165,1.429383116966382,0.0,0.5741905656783842
1.17,1.435517808455508,0.0,0.5742993338724018
1.175,1.4416524999446343,0.0,0.5744250169044328
1.18,1.4477871914337601,0.0,0.5745688645546386
1.185,1.4539218829228864,0.0,0.5747321606898044
1.19,1.4600565744120124,0.0,0.5749162482278952
1.195,1.4661912659011387,0.0,0.5751225403180574
1.2,1.4723259573902647,0.0,0.575352526298145
1.205,1.4784606488793908,0.0,0.575607803278016
1.21,1.4845953403685168,0.0,0.5758900690047554
1.215,1.490730031857643,0.0,0.5762011427200167
1.22,1.4968647233467691,0.0,0.5765429700432559
1.225,1.5029994148358954,0.0,0.5769176130129842
1.23,1.5091341063250212,0.0,0.5773272823101419
1.235,1.5152687978141475,0.0,0.5777742835372855
1.24,1.5214034893032735,0.0,0.5782610405256297
1.245,1.5275381807923998,0.0,0.5787900232971084
1.25,1.5336728722815258,0.0,0.5794202108178254
1.255,1.5398075637706516,0.0,0.5801940117713997
1.26,1.545942255259778,0.0,0.5810111339699358
1.265,1.552076946748904,0.0,0.5818691193514102
1.27,1.5582116382380302,0.0,0.5826941215033856
1.275,1.564346329727156,0.0,0.5833934268819164
1.28,1.5704810212162823,0.0,0.5839886581460909
1.285,1.5766157127054083,0.0,0.58449743476803
1.29,1.5827504041945346,0.0,0.5849335862852146
1.295,1.5888850956836607,0.0,0.5853080427282019
1.3,1.5950197871727867,0.0,0.5856295479702298
1.305,1.6011544786619127,0.0,0.5859051386769408
1.31,1.607289170151039,0.0,0.5861404999449137
1.315,1.613423861640165,0.0,0.5863402490779719
1.32,1.6195585531292913,0.0,0.586508128813681
1.325,1.6256932446184171,0.0,0.5866471827286747
1.33,1.6318279361075434,0.0,0.5867598173586652
1.335,1.6379626275966694,0.0,0.5868479405367856
1.34,1.6440973190857957,0.0,0.5869130208859654
1.345,1.6502320105749215,0.0,0.5869561171259347
1.35,1.6563667020640478,0.0,0.5869779446744164
1.355,1.6625013935531738,0.0,0.5869789911640074
1.36,1.6686360850423,0.0,0.5869602000218166
1.365,1.6747707765314261,0.0,0.5869215048071271
1.37,1.6809054680205524,0.0,0.5868623758228889
1.375,1.6870401595096782,0.0,0.5867819887387832
1.38,1.6931748509988043,0.0,0.5866791845156532
1.385,1.6993095424879305,0.0,0.5865524708711736
1.39,1.7054442339770566,0.0,0.586399944716637
1.395,1.7115789254661826,0.0,0.5862192728117962
1.4,1.7177136169553087,0.0,0.5860075776128305
1.405,1.723848308444435,0.0,0.5857613720022481
1.41,1.729982999933561,0.0,0.585476386375555
1.415,1.7361176914226872,0.0,0.5851474245903677
1.42,1.742252382911813,0.0,0.5847681568376033
1.425,1.7483870744009393,0.0,0.5843121919604413
1.43,1.7545217658900654,0.0,0.5836888345441243
1.435,1.7606564573791916,0.0,0.5829806416179416
1.44,1.7667911488683175,0.0,0.5821758923328012
1.445,1.7729258403574437,0.0,0.5813167125451002
1.45,1.7790605318465698,0.0,0.5805258873617475
1.455,1.785195223335696,0.0,0.5798044730611452
1.46,1.791329914824822,0.0,0.5791478456662121
1.465,1.7974646063139483,0.0,0.5785512977255096
1.47,1.8035992978030742,0.0,0.5780101857897598
1.475,1.8097339892922004,0.0,0.5775200672441373
1.48,1.8158686807813265,0.0,0.577076701988704
1.485,1.8220033722704527,0.0,0.5766760843613193
1.49,1.8281380637595785,0.0,0.5763144865835556
1.495,1.8342727552487048,0.0,0.5759884597452886
1.5,1.8404074467378309,0.0,0.5756948080057473
1.505,1.846542138226957,0.0,0.5754306104597725
1.51,1.8526768297160832,0.0,0.575193190564902
1.515,1.858811521205209,0.0,0.5749801076287244
1.52,1.8649462126943352,0.0,0.57478913673128
1.525,1.8710809041834613,0.0,0.5746182514334188
1.53,1.8772155956725876,0.0,0.5744656087131683
1.535,1.8833502871617134,0.0,0.5743295318149095
1.54,1.8894849786508396,0.0,0.5742084988471238
1.545,1.8956196701399657,0.0,0.5741011187105474
1.55,1.901754361629092,0.0,0.5740061320125898
1.555,1.907889053118218,0.0,0.5739223813108216
1.56,1.9140237446073443,0.0,0.5738488177754891
1.565,1.92015843609647,0.0,0.5737844778705002
1.57,1.9262931275855963,0.0,0.5737704918032789
1.575,1.9324278190747224,0.0,0.5737704918032789
1.58,1.9385625105638487,0.0,0.5737704918032789
1.585,1.9446972020529745,0.0,0.5737704918032789
1.59,1.9508318935421007,0.0,0.5737704918032789
1.595,1.9569665850312268,0.0,0.5737704918032789
1.6,1.963101276520353,0.0,0.5737704918032789
1.605,1.969235968009479,0.0,0.5737704918032789
1.61,1.9753706594986051,0.0,0.5737704918032789
1.615,1.9815053509877312,0.0,0.5737704918032789
1.62,1.9876400424768574,0.0,0.5737704918032789
1.625,1.9937747339659835,0.0,0.5737704918032789
1.63,1.9999094254551093,0.0,0.5737704918032789
1.635,2.006044116944236,0.0,0.5737704918032789
1.64,2.0121788084333616,0.0,0.5737704918032789
1.645,2.018313499922488,0.0,0.5737704918032789
1.65,2.0244481914116137,0.0,0.5737704918032789
1.655,2.03058288290074,0.0,0.5737704918032789
1.66,2.0367175743898662,0.0,0.5737704918032789
1.665,2.0428522658789925,0.0,0.5737704918032789
1.67,2.0489869573681183,0.0,0.5737704918032789
1.675,2.0551216488572446,0.0,0.5737704918032789
1.68,2.0612563403463704,0.0,0.5737704918032789
1.685,2.0673910318354967,0.0,0.5737704918032789
1.69,2.0735257233246225,0.0,0.5737704918032789
1.695,2.0796604148137487,0.0,0.5737704918032789
1.7,2.085795106302875,0.0,0.5737704918032789
1.705,2.0919297977920013,0.0,0.5737704918032789
1.71,2.098064489281127,0.0,0.5737704918032789
1.715,2.1041991807702534,0.0,0.5737704918032789
1.72,2.110333872259379,0.0,0.5737704918032789
1.725,2.1164685637485054,0.0,0.5737704918032789
1.73,2.1226032552376317,0.0,0.5737704918032789
1.735,2.128737946726758,0.0,0.5737704918032789
1.74,2.134872638215884,0.0,0.5737704918032789
1.745,2.14100732970501,0.0,0.5737704918032789
1.75,2.147142021194136,0.0,0.5737704918032789
1.755,2.153276712683262,0.0,0.5737704918032789
1.76,2.1594114041723884,0.0,0.5737704918032789
1.765,2.1655460956615142,0.0,0.5737704918032789
1.77,2.1716807871506405,0.0,0.5737718690126709
1.775,2.1778154786397663,0.0,0.5737768602077497
1.78,2.1839501701288926,0.0,0.5737863292333434
1.785,2.1900848616180184,0.0,0.573801162385702
1.79,2.1962195531071447,0.0,0.5738222800299967
1.795,2.202354244596271,0.0,0.5738506240684806
1.8,2.208488936085397,0.0,0.5738871462558729
1.805,2.214623627574523,0.0,0.5739327954721731
1.81,2.2207583190636493,0.0,0.5739885161811404
1.815,2.226893010552775,0.0,0.5740552368152737
1.82,2.2330277020419014,0.0,0.5741338693345279
1.825,2.2391623935310276,0.0,0.5742253048596844
1.83,2.245297085020154,0.0,0.5743304175333902
1.835,2.2514317765092797,0.0,0.5744500635804233
1.84,2.257566467998406,0.0,0.57458508035986
1.845,2.263701159487532,0.0,0.5747362936723114
1.85,2.269835850976658,0.0,0.5749045039921623
1.855,2.2759705424657843,0.0,0.575090503166547
1.86,2.28210523395491,0.0,0.5752950591435718
1.865,2.2882399254440364,0.0,0.5755189107036054
1.87,2.2943746169331627,0.0,0.5757627664612956
1.875,2.3005093084222885,0.0,0.576027262674999
1.88,2.3066439999114143,0.0,0.5763129804241945
1.885,2.3127786914005406,0.0,0.5766204051165369
1.89,2.318913382889667,0.0,0.5769498744034446
1.895,2.325048074378793,0.0,0.5773015552904314
1.9,2.331182765867919,0.0,0.5776753799741825
1.905,2.337317457357045,0.0,0.5780710046570512
1.91,2.343452148846171,0.0,0.5784877062767727
1.915,2.3495868403352973,0.0,0.5789243396448834
1.92,2.3557215318244236,0.0,0.5794406161497909
1.925,2.36185622331355,0.0,0.5800289297694177
1.93,2.3679909148026757,0.0,0.5806239107398915
1.935,2.374125606291802,0.0,0.5812200891926598
1.94,2.3802602977809277,0.0,0.5818113418475307
1.945,2.386394989270054,0.0,0.5823700927897382
1.95,2.3925296807591803,0.0,0.5828460230384906
1.955,2.398664372248306,0.0,0.5832483366891262
1.96,2.4047990637374324,0.0,0.5835866362368947
1.965,2.4109337552265586,0.0,0.5838685739548264
1.97,2.4170684467156844,0.0,0.5841001860728615
1.975,2.4232031382048107,0.0,0.584286210722354
1.98,2.4293378296939365,0.0,0.5844303291615173
1.985,2.435472521183063,0.0,0.5845352790470953
1.99,2.441607212672189,0.0,0.5846030378729805
1.995,2.4477419041613153,0.0,0.5846348383515128
2.0,2.453876595650441,0.0,0.5846319876736903
2.005,2.460011287139567,0.0,0.5845973786662885
2.01,2.4661459786286932,0.0,0.5845308777784413
2.015,2.4722806701178195,0.0,0.5844316006075713
2.02,2.4784153616069458,0.0,0.5842982158128879
2.025,2.4845500530960716,0.0,0.5841289475397725
2.03,2.4906847445851974,0.0,0.5839214702371424
2.035,2.496819436074324,0.0,0.5836729327541109
2.04,2.50295412756345,0.0,0.5833770299563362
2.045,2.509088819052576,0.0,0.5829489432098255
2.05,2.515223510541702,0.0,0.5824544590485858
2.055,2.5213582020308283,0.0,0.581887242192591
2.06,2.5274928935199545,0.0,0.581296316360012
2.065,2.5336275850090804,0.0,0.580718875417996
2.07,2.539762276498206,0.0,0.5801600389269466
2.075,2.545896967987333,0.0,0.5796236610259029
2.08,2.5520316594764587,0.0,0.579112562815038
2.085,2.558166350965585,0.0,0.5786285798299605
2.09,2.564301042454711,0.0,0.5781727989817246
2.095,2.5704357339438375,0.0,0.5777456379833056
2.1,2.5765704254329633,0.0,0.5773470188825185
2.105,2.582705116922089,0.0,0.5769764495481918
2.11,2.5888398084112154,0.0,0.576633143183552
2.115,2.5949744999003417,0.0,0.5763160972045946
2.12,2.601109191389468,0.0,0.5760241408110739
2.125,2.6072438828785938,0.0,0.5757560217331348
2.13,2.6133785743677196,0.0,0.5755104171079243
2.135,2.619513265856846,0.0,0.5752859939502989
2.14,2.625647957345972,0.0,0.5750814161613811
2.145,2.631782648835098,0.0,0.5748953756691052
2.15,2.637917340324224,0.0,0.5747265973815807
2.155,2.64405203181335,0.0,0.5745738522600303
2.16,2.6501867233024767,0.0,0.5744359676878569
2.165,2.6563214147916026,0.0,0.5743118230269548
2.17,2.6624561062807284,0.0,0.5742003672940635
2.175,2.6685907977698546,0.0,0.5741005947409914
2.18,2.674725489258981,0.0,0.574011571003035
2.185,2.680860180748107,0.0,0.5739324092174308
2.19,2.686994872237233,0.0,0.5738622855409184
2.195,2.693129563726359,0.0,0.5738004213644503
2.2,2.6992642552154855,0.0,0.5737704918032789
2.205,2.7053989467046113,0.0,0.5737704918032789
2.21,2.7115336381937376,0.0,0.5737704918032789
2.215,2.7176683296828634,0.0,0.5737704918032789
2.22,2.7238030211719897,0.0,0.5737704918032789
2.225,2.729937712661116,0.0,0.5737704918032789
2.23,2.7360724041502418,0.0,0.5737704918032789
2.235,2.742207095639368,0.0,0.5737704918032789
2.24,2.7483417871284943,0.0,0.5737704918032789
2.245,2.75447647861762,0.0,0.5737704918032789
2.25,2.7606111701067464,0.0,0.5737704918032789
2.255,2.766745861595872,0.0,0.5737704918032789
2.26,2.772880553084998,0.0,0.5737704918032789
2.265,2.7790152445741247,0.0,0.5737704918032789
2.27,2.7851499360632506,0.0,0.5737704918032789
2.275,2.791284627552377,0.0,0.5737704918032789
2.28,2.7974193190415026,0.0,0.5737704918032789
2.285,2.8035540105306294,0.0,0.5737704918032789
2.29,2.809688702019755,0.0,0.5737704918032789
2.295,2.815823393508881,0.0,0.5737704918032789
2.3,2.8219580849980073,0.0,0.5737704918032789
2.305,2.8280927764871335,0.0,0.5737704918032789
2.31,2.83422746797626,0.0,0.5737704918032789
2.315,2.8403621594653856,0.0,0.5737704918032789
2.32,2.8464968509545114,0.0,0.5737704918032789
2.325,2.852631542443638,0.0,0.5737704918032789
2.33,2.858766233932764,0.0,0.5737704918032789
2.335,2.86490092542189,0.0,0.5737704918032789
2.34,2.871035616911016,0.0,0.5737704918032789
2.345,2.8771703084001423,0.0,0.5737704918032789
2.35,2.8833049998892686,0.0,0.5737704918032789
2.355,2.8894396913783944,0.0,0.5737704918032789
2.36,2.8955743828675202,0.0,0.5737704918032789
2.365,2.901709074356647,0.0,0.5737704918032789
2.37,2.9078437658457728,0.0,0.5737704918032789
2.375,2.913978457334899,0.0,0.5737704918032789
2.38,2.920113148824025,0.0,0.5737704918032789
2.385,2.9262478403131507,0.0,0.5737705015535814
2.39,2.9323825318022774,0.0,0.573771745198682
2.395,2.938517223291403,0.0,0.5737759156199576
2.4,2.9446519147805295,0.0,0.5737837649012406
2.405,2.9507866062696553,0.0,0.573796032844582
2.41,2.9569212977587815,0.0,0.5738134896795053
2.415,2.963055989247908,0.0,0.573836924816551
2.42,2.9691906807370336,0.0,0.5738671335334671
2.425,2.9753253722261594,0.0,0.5739049083899315
2.43,2.981460063715286,0.0,0.5739510263413452
2.435,2.987594755204412,0.0,0.5740062410038834
2.44,2.9937294466935382,0.0,0.5740712749344253
2.445,2.999864138182664,0.0,0.5741468130686114
2.45,3.0059988296717908,0.0,0.5742335027194849
2.455,3.0121335211609166,0.0,0.5743319376844988
2.46,3.0182682126500424,0.0,0.574442665334541
2.465,3.0244029041391687,0.0,0.5745661762281167
2.47,3.030537595628295,0.0,0.5747028989945592
2.475,3.036672287117421,0.0,0.5748532002654099
2.48,3.042806978606547,0.0,0.5750173647820233
2.485,3.048941670095673,0.0,0.5751955961867519
2.49,3.0550763615847996,0.0,0.5753879956459436
2.495,3.0612110530739254,0.0,0.5755945507923449
2.5,3.0673457445630516,0.0,0.5758151175480781
2.505,3.0734804360521775,0.0,0.5760493890906057
2.51,3.0796151275413033,0.0,0.5762968906539059
2.515,3.08574981903043,0.0,0.5765569154627435
2.52,3.091884510519556,0.0,0.5768285350137553
2.525,3.0980192020086816,0.0,0.5771105345001595
2.53,3.104153893497808,0.0,0.5774013818507763
2.535,3.110288584986934,0.0,0.5776992261256543
2.54,3.1164232764760604,0.0,0.5780018275114835
2.545,3.1225579679651863,0.0,0.5783065812171239
2.55,3.128692659454312,0.0,0.5786104909532326
2.555,3.134827350943439,0.0,0.5789101795495903
2.56,3.1409620424325646,0.0,0.5792180907874992
2.565,3.147096733921691,0.0,0.5795709669810011
2.57,3.1532314254108167,0.0,0.5799005985414659
2.575,3.1593661168999434,0.0,0.5802021175542316
2.58,3.165500808389069,0.0,0.5804708684494966
2.585,3.171635499878195,0.0,0.5807025329885233
2.59,3.1777701913673213,0.0,0.580893200936263
2.595,3.1839048828564476,0.0,0.5810395841295175
2.6,3.1900395743455734,0.0,0.5811390461254726
2.605,3.1961742658346997,0.0,0.5811898006001891
2.61,3.2023089573238255,0.0,0.5811922274662654
2.615,3.208443648812952,0.0,0.5811548448771031
2.62,3.214578340302078,0.0,0.5810798322144884
2.625,3.220713031791204,0.0,0.5809604422553892
2.63,3.22684772328033,0.0,0.5807808072487882
2.635,3.232982414769456,0.0,0.5805641441235684
2.64,3.2391171062585826,0.0,0.580315298427275
2.645,3.2452517977477084,0.0,0.5800394531706012
2.65,3.2513864892368343,0.0,0.5797420191111999
2.655,3.2575211807259605,0.0,0.5794283544993537
2.66,3.263655872215087,0.0,0.5791036101117418
2.665,3.269790563704213,0.0,0.578772601141402
2.67,3.275925255193339,0.0,0.578439667874198
2.675,3.2820599466824647,0.0,0.5781086757184974
2.68,3.2881946381715914,0.0,0.5777829029138203
2.685,3.2943293296607172,0.0,0.57746512820051
2.69,3.300464021149843,0.0,0.5771575668756783
2.695,3.3065987126389693,0.0,0.5768619801136917
2.7,3.3127334041280956,0.0,0.5765796754021378
2.705,3.318868095617222,0.0,0.5763115721681672
2.71,3.3250027871063477,0.0,0.576058256706276
2.715,3.3311374785954735,0.0,0.5758200139714458
2.72,3.3372721700846,0.0,0.5755969066765497
2.725,3.343406861573726,0.0,0.5753887965364844
2.73,3.3495415530628523,0.0,0.5751954067783175
2.735,3.355676244551978,0.0,0.5750163223621142
2.74,3.361810936041105,0.0,0.5748510549788001
2.745,3.3679456275302306,0.0,0.5746990427315481
2.75,3.3740803190193565,0.0,0.574559679298108
2.755,3.3802150105084827,0.0,0.5744323283279739
2.76,3.3863497019976085,0.0,0.5743163381689192
2.765,3.392484393486735,0.0,0.574211052161044
2.77,3.398619084975861,0.0,0.5741158116857646
2.775,3.404753776464987,0.0,0.5740299741676258
2.78,3.410888467954113,0.0,0.5739529022762607
2.785,3.4170231594432394,0.0,0.5738839824651604
2.79,3.4231578509323652,0.0,0.5738226122833645
2.795,3.4292925424214915,0.0,0.5737704918032789
2.8,3.4354272339106173,0.0,0.5737704918032789
2.805,3.441561925399744,0.0,0.5737704918032789
2.81,3.44769661688887,0.0,0.5737704918032789
2.815,3.4538313083779957,0.0,0.5737704918032789
2.82,3.459965999867122,0.0,0.5737704918032789
2.825,3.466100691356248,0.0,0.5737704918032789
2.83,3.4722353828453745,0.0,0.5737704918032789
2.835,3.4783700743345003,0.0,0.5737704918032789
2.84,3.484504765823626,0.0,0.5737704918032789
2.845,3.490639457312753,0.0,0.5737704918032789
2.85,3.4967741488018786,0.0,0.5737704918032789
2.855,3.502908840291005,0.0,0.5737704918032789
2.86,3.5090435317801307,0.0,0.5737704918032789
2.865,3.515178223269257,0.0,0.5737704918032789
2.87,3.5213129147583833,0.0,0.5737704918032789
2.875,3.527447606247509,0.0,0.5737704918032789
2.88,3.533582297736635,0.0,0.5737704918032789
2.885,3.539716989225761,0.0,0.5737704918032789
2.89,3.5458516807148874,0.0,0.5737704918032789
2.895,3.5519863722040137,0.0,0.5737704918032789
2.9,3.5581210636931395,0.0,0.5737704918032789
2.905,3.5642557551822653,0.0,0.5737704918032789
2.91,3.570390446671392,0.0,0.5737704918032789
2.915,3.576525138160518,0.0,0.5737704918032789
2.92,3.582659829649644,0.0,0.5737704918032789
2.925,3.58879452113877,0.0,0.5737704918032789
2.93,3.5949292126278967,0.0,0.5737704918032789
2.935,3.6010639041170225,0.0,0.5737704918032789
2.94,3.6071985956061483,0.0,0.5737704918032789
2.945,3.6133332870952746,0.0,0.5737704918032789
2.95,3.619467978584401,0.0,0.5737704918032789
2.955,3.6256026700735267,0.0,0.5737704918032789
2.96,3.631737361562653,0.0,0.5737704918032789
2.965,3.6378720530517787,0.0,0.5737704918032789
2.97,3.6440067445409055,0.0,0.5737704918032789
2.975,3.6501414360300313,0.0,0.5737707086256207
2.98,3.656276127519157,0.0,0.5737725157522569
2.985,3.6624108190082834,0.0,0.5737769716182441
2.99,3.6685455104974096,0.0,0.5737847052458168
2.995,3.674680201986536,0.0,0.5737963565595152
3.0,3.6808148934756617,0.0,0.5738125885582918
3.005,3.6869495849647875,0.0,0.5738340772450462
3.01,3.693084276453914,0.0,0.5738615007281923
3.015,3.69921896794304,0.0,0.573895524433652
3.02,3.7053536594321663,0.0,0.5739367941499095
3.025,3.711488350921292,0.0,0.573985921868627
3.03,3.717623042410418,0.0,0.5740434818218125
3.035,3.7237577338995447,0.0,0.5741099975539192
3.04,3.7298924253886705,0.0,0.5741859349158184
3.045,3.7360271168777968,0.0,0.5742716994063943
3.05,3.7421618083669226,0.0,0.5743676198057678
3.055,3.748296499856049,0.0,0.5744739527575716
3.06,3.754431191345175,0.0,0.5745908637961232
3.065,3.760565882834301,0.0,0.5747184249465762
3.07,3.7667005743234268,0.0,0.5748566098097748
3.075,3.7728352658125535,0.0,0.575005268849969
3.08,3.7789699573016793,0.0,0.5751641344323106
3.085,3.7851046487908055,0.0,0.5753327939622557
3.09,3.7912393402799314,0.0,0.5755106859798528
3.095,3.797374031769058,0.0,0.5756970876186441
3.1,3.803508723258184,0.0,0.575891072893452
3.105,3.8096434147473097,0.0,0.5760915613637769
3.11,3.815778106236436,0.0,0.5762972280429074
3.115,3.8219127977255622,0.0,0.5765065483629959
3.12,3.8280474892146885,0.0,0.5767177740655588
3.125,3.8341821807038143,0.0,0.5769289284106475
3.13,3.84031687219294,0.0,0.5771378382422979
3.135,3.8464515636820664,0.0,0.5773421241899845
3.14,3.8525862551711927,0.0,0.5775392654141349
3.145,3.8587209466603185,0.0,0.5777266219268322
3.15,3.8648556381494448,0.0,0.577901488180802
3.155,3.8709903296385706,0.0,0.57806117915668
3.16,3.8771250211276973,0.0,0.5782030774699191
3.165,3.883259712616823,0.0,0.5783247545210075
3.17,3.889394404105949,0.0,0.5784239952098126
3.175,3.895529095595075,0.0,0.5784989647255475
3.18,3.9016637870842015,0.0,0.5785482197265048
3.185,3.9077984785733277,0.0,0.5785707954584918
3.19,3.9139331700624536,0.0,0.578565862610684
3.195,3.9200678615515794,0.0,0.578532211170624
3.2,3.926202553040706,0.0,0.5784704808369223
3.205,3.932337244529832,0.0,0.5783819570584003
3.21,3.938471936018958,0.0,0.5782685063562376
3.215,3.944606627508084,0.0,0.5781324247666728
3.22,3.9507413189972103,0.0,0.5779763612786173
3.225,3.9568760104863365,0.0,0.5778032156814448
3.23,3.9630107019754623,0.0,0.5776160073321425
3.235,3.9691453934645886,0.0,0.5774178040069419
3.24,3.975280084953715,0.0,0.5772115820310432
3.245,3.9814147764428407,0.0,0.5770002133581978
3.25,3.987549467931967,0.0,0.576786331700592
3.255,3.993684159421093,0.0,0.5765723355596124
3.26,3.9998188509102186,0.0,0.5763603586254495
3.265,4.005953542399345,0.0,0.5761522475490406
3.27,4.012088233888472,0.0,0.5759495563481953
3.275,4.018222925377597,0.0,0.5757535616407365
3.28,4.024357616866723,0.0,0.5755652850481937
3.285,4.03049230835585,0.0,0.5753854981536026
3.29,4.036626999844976,0.0,0.5752147682160594
3.295,4.042761691334102,0.0,0.5750534593354186
3.3,4.048896382823227,0.0,0.574901788299461
3.305,4.055031074312354,0.0,0.5747598165641034
3.31,4.06116576580148,0.0,0.5746274981328939
3.315,4.067300457290606,0.0,0.574504684887237
3.32,4.0734351487797325,0.0,0.574391152972788
3.325,4.079569840268858,0.0,0.5742866213444708
3.33,4.085704531757985,0.0,0.5741907518415318
3.335,4.091839223247111,0.0,0.574103179890095
3.34,4.097973914736237,0.0,0.5740235056189856
3.345,4.104108606225363,0.0,0.5739513212018449
3.35,4.110243297714489,0.0,0.573886197908507
3.355,4.116377989203615,0.0,0.5738277089498734
3.36,4.122512680692741,0.0,0.5737754209555935
3.365,4.1286473721818675,0.0,0.5737704918032789
3.37,4.134782063670993,0.0,0.5737704918032789
3.375,4.140916755160119,0.0,0.5737704918032789
3.38,4.147051446649245,0.0,0.5737704918032789
3.385,4.153186138138372,0.0,0.5737704918032789
3.39,4.1593208296274975,0.0,0.5737704918032789
3.395,4.165455521116624,0.0,0.5737704918032789
3.4,4.17159021260575,0.0,0.5737704918032789
3.405,4.177724904094876,0.0,0.5737704918032789
3.41,4.1838595955840026,0.0,0.5737704918032789
3.415,4.189994287073128,0.0,0.5737704918032789
3.42,4.196128978562254,0.0,0.5737704918032789
3.425,4.20226367005138,0.0,0.5737704918032789
3.43,4.208398361540507,0.0,0.5737704918032789
3.435,4.2145330530296325,0.0,0.5737704918032789
3.44,4.220667744518758,0.0,0.5737704918032789
3.445,4.226802436007885,0.0,0.5737704918032789
3.45,4.232937127497011,0.0,0.5737704918032789
3.455,4.239071818986137,0.0,0.5737704918032789
3.46,4.245206510475263,0.0,0.5737704918032789
3.465,4.251341201964389,0.0,0.5737704918032789
3.47,4.257475893453516,0.0,0.5737704918032789
3.475,4.263610584942642,0.0,0.5737704918032789
3.48,4.269745276431768,0.0,0.5737704918032789
3.485,4.275879967920893,0.0,0.5737704918032789
3.49,4.28201465941002,0.0,0.5737704918032789
3.495,4.288149350899146,0.0,0.5737704918032789
3.5,4.294284042388272,0.0,0.5737704918032789
3.505,4.300418733877398,0.0,0.5737704918032789
3.51,4.306553425366524,0.0,0.5737704918032789
3.515,4.31268811685565,0.0,0.5737704918032789
3.52,4.318822808344777,0.0,0.5737704918032789
3.525,4.324957499833903,0.0,0.5737705119039823
3.53,4.3310921913230285,0.0,0.5737712862262584
3.535,4.337226882812155,0.0,0.5737735573452527
3.54,4.343361574301281,0.0,0.5737781178851317
3.545,4.349496265790407,0.0,0.5737855134601099
3.55,4.355630957279533,0.0,0.5737963017582807
3.555,4.361765648768659,0.0,0.5738110628164297
3.56,4.367900340257785,0.0,0.5738303867516177
3.565,4.374035031746911,0.0,0.5738548639475421
3.57,4.380169723236037,0.0,0.5738850751309419
3.575,4.3863044147251635,0.0,0.5739215757504893
3.58,4.392439106214289,0.0,0.573964890044718
3.585,4.398573797703416,0.0,0.5740154969069656
3.59,4.404708489192542,0.0,0.574073823663767
3.595,4.410843180681669,0.0,0.5741402344003047
3.6,4.416977872170794,0.0,0.57421502221194
3.605,4.42311256365992,0.0,0.5742984036885742
3.61,4.429247255149046,0.0,0.5743905056757798
3.615,4.435381946638173,0.0,0.5744913666058372
3.62,4.441516638127299,0.0,0.5746009159778448
3.625,4.447651329616424,0.0,0.5747189744708437
3.63,4.45378602110555,0.0,0.5748452455495682
3.635,4.459920712594677,0.0,0.574979294120655
3.64,4.466055404083803,0.0,0.5751205583502423
3.645,4.472190095572929,0.0,0.5752683166321446
3.65,4.478324787062055,0.0,0.5754216974602987
3.655,4.484459478551181,0.0,0.5755796697558833
3.66,4.490594170040308,0.0,0.5757410333097912
3.665,4.496728861529434,0.0,0.5759044364071833
3.67,4.5028635530185595,0.0,0.5760683525343209
3.675,4.508998244507685,0.0,0.5762311178078586
3.68,4.515132935996812,0.0,0.5763909194104674
3.685,4.521267627485938,0.0,0.5765458287296663
3.69,4.527402318975064,0.0,0.576693865772534
3.695,4.533537010464189,0.0,0.5768329548088644
3.7,4.539671701953316,0.0,0.5769610555860968
3.705,4.545806393442442,0.0,0.5770761839919274
3.71,4.551941084931569,0.0,0.5771764741700584
3.715,4.5580757764206945,0.0,0.5772602216725
3.72,4.56421046790982,0.0,0.5773259515245511
3.725,4.570345159398947,0.0,0.5773724862110836
3.73,4.576479850888073,0.0,0.5773989547571106
3.735,4.582614542377199,0.0,0.5774048660546907
3.74,4.588749233866325,0.0,0.5773894040037334
3.745,4.594883925355451,0.0,0.577352562334773
3.75,4.601018616844577,0.0,0.5772950896657757
3.755,4.607153308333703,0.0,0.5772181435815583
3.76,4.613287999822829,0.0,0.5771232337771339
3.765,4.619422691311955,0.0,0.5770121344410122
3.77,4.625557382801081,0.0,0.5768868680142895
3.775,4.631692074290208,0.0,0.5767495878669242
3.78,4.637826765779334,0.0,0.5766025447057783
3.785,4.64396145726846,0.0,0.5764479588088949
3.79,4.650096148757586,0.0,0.5762880121238725
3.795,4.656230840246712,0.0,0.5761247820633696
3.8,4.662365531735838,0.0,0.5759601832885366
3.805,4.668500223224965,0.0,0.5757959691524484
3.81,4.67463491471409,0.0,0.5756336813553797
3.815,4.680769606203216,0.0,0.5754746715219156
3.82,4.686904297692342,0.0,0.5753200676783814
3.825,4.693038989181469,0.0,0.5751708228583604
3.83,4.699173680670595,0.0,0.5750276778927188
3.835,4.70530837215972,0.0,0.5748912118145948
3.84,4.711443063648847,0.0,0.5747618399339496
3.845,4.717577755137973,0.0,0.5746398365914609
3.85,4.7237124466271,0.0,0.5745253603444745
3.855,4.7298471381162255,0.0,0.5744184521464721
3.86,4.735981829605351,0.0,0.5743190745378054
3.865,4.742116521094478,0.0,0.5742271012598922
3.87,4.748251212583604,0.0,0.5741423601814546
3.875,4.75438590407273,0.0,0.574064616236726
3.88,4.7605205955618555,0.0,0.573993605379006
3.885,4.766655287050981,0.0,0.5739290277038146
3.89,4.772789978540108,0.0,0.5738705630691429
3.895,4.778924670029234,0.0,0.5738178768043303
3.9,4.7850593615183605,0.0,0.5737706207642422
3.905,4.791194053007486,0.0,0.5737704918032789
3.91,4.797328744496612,0.0,0.5737704918032789
3.915,4.803463435985739,0.0,0.5737704918032789
3.92,4.809598127474865,0.0,0.5737704918032789
3.925,4.8157328189639905,0.0,0.5737704918032789
3.93,4.821867510453117,0.0,0.5737704918032789
3.935,4.828002201942243,0.0,0.5737704918032789
3.94,4.834136893431369,0.0,0.5737704918032789
3.945,4.840271584920495,0.0,0.5737704918032789
3.95,4.846406276409621,0.0,0.5737704918032789
3.955,4.852540967898747,0.0,0.5737704918032789
3.96,4.858675659387873,0.0,0.5737704918032789
3.965,4.864810350877,0.0,0.5737704918032789
3.97,4.870945042366126,0.0,0.5737704918032789
3.975,4.877079733855252,0.0,0.5737704918032789
3.98,4.883214425344378,0.0,0.5737704918032789
3.985,4.889349116833504,0.0,0.5737704918032789
3.99,4.895483808322631,0.0,0.5737704918032789
3.995,4.9016184998117565,0.0,0.5737704918032789
4.0,4.907753191300882,0.0,0.5737704918032789
4.005,4.913887882790008,0.0,0.5737704918032789
4.01,4.920022574279134,0.0,0.5737704918032789
4.015,4.926157265768261,0.0,0.5737704918032789
4.02,4.9322919572573864,0.0,0.5737704918032789
4.025,4.938426648746513,0.0,0.5737704918032789
4.03,4.944561340235639,0.0,0.5737704918032789
4.035,4.950696031724765,0.0,0.5737704918032789
4.04,4.9568307232138915,0.0,0.5737705218680137
4.045,4.962965414703017,0.0,0.5737710424941758
4.05,4.969100106192143,0.0,0.5737723880266024
4.055,4.975234797681269,0.0,0.5737748507060344
4.06,4.981369489170395,0.0,0.5737790603150256
4.065,4.987504180659522,0.0,0.5737855194212477
4.07,4.993638872148648,0.0,0.5737946977909952
4.075,4.999773563637774,0.0,0.5738070890590968
4.08,5.0059082551269,0.0,0.5738232024985959
4.085,5.012042946616026,0.0,0.5738435508620542
4.09,5.018177638105152,0.0,0.5738686423930114
4.095,5.024312329594278,0.0,0.573898967196219
4.1,5.030447021083404,0.0,0.5739349866577477
4.105,5.036581712572531,0.0,0.5739771240056869
4.11,5.0427164040616566,0.0,0.5740257491573059
4.115,5.048851095550783,0.0,0.5740811746220172
4.12,5.054985787039909,0.0,0.5741436386994831
4.125,5.061120478529035,0.0,0.5742133012956337
4.13,5.067255170018161,0.0,0.574290241104137
4.135,5.0733898615072865,0.0,0.5743744335948453
4.14,5.079524552996412,0.0,0.5744657560760861
4.145,5.085659244485539,0.0,0.5745639646987811
4.15,5.091793935974666,0.0,0.5746687057241764
4.155,5.097928627463792,0.0,0.5747794989243804
4.16,5.104063318952917,0.0,0.5748957284791927
4.165,5.110198010442044,0.0,0.5750166555589822
4.17,5.11633270193117,0.0,0.5751413908728321
4.175,5.122467393420296,0.0,0.5752689220787367
4.18,5.128602084909422,0.0,0.5753980934845709
4.185,5.134736776398547,0.0,0.5755276256476068
4.19,5.140871467887675,0.0,0.5756561295870597
4.195,5.147006159376801,0.0,0.5757821013901097
4.2,5.153140850865927,0.0,0.5759039756441201
4.205,5.1592755423550525,0.0,0.5760201232773676
4.21,5.165410233844178,0.0,0.5761289047109124
4.215,5.171544925333304,0.0,0.5762286978788387
4.22,5.177679616822431,0.0,0.5763179368762907
4.225,5.183814308311557,0.0,0.5763951785542754
4.23,5.189948999800683,0.0,0.5764591036798817
4.235,5.196083691289809,0.0,0.5765086106647164
4.24,5.202218382778936,0.0,0.5765428041680094
4.245,5.208353074268062,0.0,0.5765610729118219
4.25,5.2144877657571875,0.0,0.5765630450422617
4.255,5.220622457246313,0.0,0.5765482491099958
4.26,5.226757148735439,0.0,0.5765168584538257
4.265,5.232891840224565,0.0,0.5764694909952204
4.27,5.239026531713692,0.0,0.5764070763166649
4.275,5.245161223202818,0.0,0.5763307870675495
4.28,5.251295914691944,0.0,0.5762420283254277
4.285,5.25743060618107,0.0,0.576142355334129
4.29,5.263565297670196,0.0,0.5760334400589764
4.295,5.269699989159323,0.0,0.5759170057241064
4.3,5.275834680648448,0.0,0.5757947791201585
4.305,5.281969372137574,0.0,0.5756684725480946
4.31,5.2881040636267,0.0,0.5755396759075562
4.315,5.294238755115828,0.0,0.575409905744756
4.32,5.3003734466049535,0.0,0.5752805205284467
4.325,5.306508138094079,0.0,0.5751527422119872
4.33,5.312642829583205,0.0,0.5750276326416818
4.335,5.318777521072331,0.0,0.5749060971908555
4.34,5.324912212561457,0.0,0.5747888907771307
4.345,5.3310469040505835,0.0,0.5746766100948121
4.35,5.337181595539709,0.0,0.5745697264251602
4.355,5.343316287028836,0.0,0.5744685683378508
4.36,5.349450978517962,0.0,0.5743733681861924
4.365,5.355585670007088,0.0,0.5742842401372797
4.37,5.361720361496214,0.0,0.5742012256098553
4.375,5.36785505298534,0.0,0.5741242848006894
4.38,5.373989744474466,0.0,0.5740533162227549
4.385,5.380124435963592,0.0,0.5739881683980766
4.39,5.386259127452718,0.0,0.5739286425210549
4.395,5.392393818941843,0.0,0.573874515637445
4.4,5.398528510430971,0.0,0.5738255298291763
4.405,5.404663201920097,0.0,0.5737814177354678
4.41,5.410797893409223,0.0,0.5737704918032789
4.415,5.4169325848983485,0.0,0.5737704918032789
4.42,5.423067276387475,0.0,0.5737704918032789
4.425,5.429201967876601,0.0,0.5737704918032789
4.43,5.435336659365727,0.0,0.5737704918032789
4.435,5.441471350854853,0.0,0.5737704918032789
4.44,5.447606042343979,0.0,0.5737704918032789
4.445,5.453740733833106,0.0,0.5737704918032789
4.45,5.459875425322232,0.0,0.5737704918032789
4.455,5.466010116811358,0.0,0.5737704918032789
4.46,5.4721448083004836,0.0,0.5737704918032789
4.465,5.478279499789609,0.0,0.5737704918032789
4.47,5.484414191278736,0.0,0.5737704918032789
4.475,5.490548882767862,0.0,0.5737704918032789
4.48,5.496683574256989,0.0,0.5737704918032789
4.485,5.502818265746114,0.0,0.5737704918032789
4.49,5.50895295723524,0.0,0.5737704918032789
4.495,5.515087648724367,0.0,0.5737704918032789
4.5,5.521222340213493,0.0,0.5737704918032789
4.505,5.527357031702619,0.0,0.5737704918032789
4.51,5.533491723191744,0.0,0.5737705248637172
4.515,5.53962641468087,0.0,0.5737706731725378
4.52,5.545761106169996,0.0,0.573771029966979
4.525,5.551895797659124,0.0,0.5737717141970252
4.53,5.5580304891482495,0.0,0.5737728716021331
4.535,5.564165180637375,0.0,0.5737746756502065
4.54,5.570299872126501,0.0,0.5737773279364767
4.545,5.576434563615628,0.0,0.5737811848396278
4.55,5.582569255104754,0.0,0.5737867595450105
4.555,5.5887039465938795,0.0,0.5737944441194323
4.56,5.594838638083005,0.0,0.5738046552568123
4.565,5.600973329572132,0.0,0.573817830056452
4.57,5.607108021061259,0.0,0.5738344177639079
4.575,5.6132427125503845,0.0,0.5738548679884835
4.58,5.61937740403951,0.0,0.5738796238474311
4.585,5.625512095528636,0.0,0.5739091055750283
4.59,5.631646787017762,0.0,0.5739437028324262
4.595,5.637781478506888,0.0,0.5739837619369142
4.6,5.6439161699960145,0.0,0.5740295720672804
4.605,5.650050861485141,0.0,0.5740813618368892
4.61,5.656185552974267,0.0,0.5741392778107897
4.615,5.662320244463393,0.0,0.5742033860791614
4.62,5.66845493595252,0.0,0.5742736565978309
4.625,5.674589627441645,0.0,0.5743499552612472
4.63,5.680724318930771,0.0,0.574432045774858
4.635,5.686859010419897,0.0,0.5745195678498429
4.64,5.692993701909023,0.0,0.5746120492062365
4.645,5.699128393398149,0.0,0.5747088899116396
4.65,5.705263084887276,0.0,0.5748093653572639
4.655,5.711397776376402,0.0,0.5749126352424487
4.66,5.717532467865528,0.0,0.5750177291719624
4.665,5.723667159354654,0.0,0.5751235780624933
4.67,5.72980185084378,0.0,0.5752289967671099
4.675,5.735936542332906,0.0,0.5753327186710571
4.68,5.742071233822032,0.0,0.5754334045743233
4.685,5.748205925311158,0.0,0.5755296699708887
4.69,5.754340616800285,0.0,0.5756201242939033
4.695,5.760475308289411,0.0,0.5757033673916625
4.7,5.766609999778537,0.0,0.5757780721271173
4.705,5.772744691267663,0.0,0.575842990963534
4.71,5.778879382756789,0.0,0.5758969963185985
4.715,5.785014074245915,0.0,0.5759391366034627
4.72,5.7911487657350404,0.0,0.5759686327157247
4.725,5.797283457224167,0.0,0.5759849523765025
4.73,5.803418148713294,0.0,0.5759877640100001
4.735,5.80955284020242,0.0,0.5759767755832499
4.74,5.8156875316915455,0.0,0.5759521052611596
4.745,5.821822223180671,0.0,0.5759142392074605
4.75,5.827956914669798,0.0,0.5758639112470291
4.755,5.834091606158924,0.0,0.5758020701224595
4.76,5.84022629764805,0.0,0.5757298606830266
4.765,5.8463609891371755,0.0,0.5756485399561381
4.77,5.852495680626301,0.0,0.5755594928859528
4.775,5.858630372115429,0.0,0.5754641340825644
4.78,5.864765063604555,0.0,0.5753639087647108
4.785,5.870899755093681,0.0,0.5752602149437872
4.79,5.877034446582806,0.0,0.5751544058644844
4.795,5.883169138071932,0.0,0.5750477504791871
4.8,5.889303829561059,0.0,0.5749413956778228
4.805,5.895438521050185,0.0,0.5748363872403676
4.81,5.9015732125393106,0.0,0.5747336229979384
4.815,5.907707904028437,0.0,0.574633886623379
4.82,5.913842595517563,0.0,0.5745378111563003
4.825,5.91997728700669,0.0,0.574445921346031
4.83,5.926111978495816,0.0,0.5743586165497618
4.835,5.932246669984941,0.0,0.574276183580131
4.84,5.938381361474067,0.0,0.5741988170127902
4.845,5.944516052963193,0.0,0.5741266149884803
4.85,5.950650744452319,0.0,0.5740596109207916
4.855,5.9567854359414465,0.0,0.5739977583599805
4.86,5.962920127430572,0.0,0.5739409681166122
4.865,5.969054818919698,0.0,0.573889094255646
4.87,5.975189510408824,0.0,0.5738419610436113
4.875,5.981324201897951,0.0,0.5737993595120583
4.88,5.9874588933870765,0.0,0.5737704918032789
4.885,5.993593584876202,0.0,0.5737704918032789
4.89,5.999728276365328,0.0,0.5737704918032789
4.895,6.005862967854454,0.0,0.5737704918032789
4.9,6.0119976593435815,0.0,0.5737704918032789
4.905,6.018132350832707,0.0,0.5737704918032789
4.91,6.024267042321833,0.0,0.5737704918032789
4.915,6.030401733810959,0.0,0.5737704918032789
4.92,6.036536425300085,0.0,0.5737704918032789
4.925,6.042671116789211,0.0,0.5737704918032789
4.93,6.048805808278337,0.0,0.5737704918032789
4.935,6.054940499767463,0.0,0.5737704918032789
4.94,6.06107519125659,0.0,0.5737704918032789
4.945,6.067209882745716,0.0,0.5737704918032789
4.95,6.073344574234842,0.0,0.5737704918032789
4.955,6.079479265723968,0.0,0.5737704918032789
4.96,6.085613957213094,0.0,0.5737705384725651
4.965,6.09174864870222,0.0,0.5737707921846225
4.97,6.097883340191346,0.0,0.5737712960571427
4.975,6.1040180316804715,0.0,0.5737721089826886
4.98,6.110152723169599,0.0,0.57377331693823
4.985,6.116287414658725,0.0,0.5737750338954576
4.99,6.122422106147851,0.0,0.5737774017914072
4.995,6.128556797636977,0.0,0.5737805906270107
5.0,6.134691489126103,0.0,0.5737848765262764
5.005,6.140826180615229,0.0,0.5737906977986027
5.01,6.146960872104355,0.0,0.5737984049600523
5.015,6.153095563593481,0.0,0.5738083701042743
5.02,6.159230255082607,0.0,0.5738209869953538
5.025,6.165364946571734,0.0,0.5738366620327647
5.03,6.17149963806086,0.0,0.5738558020202399
5.035,6.177634329549986,0.0,0.5738788092581745
5.04,6.183769021039112,0.0,0.5739060615026087
5.045,6.1899037125282375,0.0,0.573937907747274
5.05,6.196038404017363,0.0,0.5739746514402374
5.055,6.20217309550649,0.0,0.5740165367918456
5.06,6.208307786995616,0.0,0.5740637441005585
5.065,6.2144424784847425,0.0,0.5741163689638226
5.07,6.220577169973868,0.0,0.5741744223194318
5.075,6.226711861462995,0.0,0.5742378107718548
5.08,6.232846552952121,0.0,0.5743063348317078
5.085,6.238981244441247,0.0,0.5743796862532611
5.09,6.2451159359303725,0.0,0.5744574292061428
5.095,6.251250627419498,0.0,0.574539015934319
5.1,6.257385318908624,0.0,0.5746237655561207
5.105,6.263520010397752,0.0,0.5747108856100421
5.11,6.269654701886878,0.0,0.5747994706789208
5.115,6.275789393376003,0.0,0.5748885030057679
5.12,6.281924084865129,0.0,0.5749768864779865
5.125,6.288058776354255,0.0,0.5750634325404185
5.13,6.294193467843382,0.0,0.5751469158694672
5.135,6.300328159332508,0.0,0.575226071770135
5.14,6.306462850821633,0.0,0.5752996342100518
5.145,6.312597542310759,0.0,0.5753663840456898
5.15,6.318732233799887,0.0,0.5754251488116011
5.155,6.324866925289013,0.0,0.5754748821313701
5.16,6.331001616778138,0.0,0.57551465702791
5.165,6.337136308267264,0.0,0.5755437259472906
5.17,6.34327099975639,0.0,0.5755615304839429
5.175,6.349405691245516,0.0,0.5755677302764286
5.18,6.355540382734643,0.0,0.5755621121294091
5.185,6.361675074223768,0.0,0.5755446595558824
5.19,6.367809765712895,0.0,0.5755157495592965
5.195,6.373944457202021,0.0,0.5754759546922649
5.2,6.380079148691147,0.0,0.5754260674489465
5.205,6.3862138401802735,0.0,0.575367028013334
5.21,6.392348531669399,0.0,0.5752999213405916
5.215,6.398483223158525,0.0,0.5752259351483706
5.22,6.404617914647651,0.0,0.575146296386764
5.225,6.410752606136777,0.0,0.5750622721730808
5.23,6.416887297625904,0.0,0.5749750873236098
5.235,6.42302198911503,0.0,0.5748859459969538
5.24,6.429156680604156,0.0,0.5747959583286679
5.245,6.435291372093282,0.0,0.5747061649790627
5.25,6.441426063582408,0.0,0.5746174901093357
5.255,6.447560755071534,0.0,0.5745307435836327
5.26,6.45369544656066,0.0,0.5744466252423488
5.265,6.459830138049786,0.0,0.5743657086073211
5.27,6.465964829538912,0.0,0.5742884697166452
5.275,6.4720995210280385,0.0,0.5742152576725783
5.28,6.478234212517165,0.0,0.5741463380512486
5.285,6.484368904006291,0.0,0.5740818741812722
5.29,6.490503595495417,0.0,0.5740219589243161
5.295,6.496638286984543,0.0,0.5739666053628585
5.3,6.5027729784736685,0.0,0.5739157703926501
5.305,6.508907669962794,0.0,0.5738693621487954
5.31,6.515042361451921,0.0,0.5738272407300234
5.315,6.521177052941048,0.0,0.5737892404150964
5.32,6.527311744430174,0.0,0.5737704918032789
5.325,6.533446435919299,0.0,0.5737704918032789
5.33,6.539581127408426,0.0,0.5737704918032789
5.335,6.545715818897552,0.0,0.5737704918032789
5.34,6.551850510386678,0.0,0.5737704918032789
5.345,6.557985201875804,0.0,0.5737704918032789
5.35,6.564119893364929,0.0,0.5737704918032789
5.355,6.570254584854057,0.0,0.5737704918032789
5.36,6.576389276343183,0.0,0.5737704918032789
5.365,6.582523967832309,0.0,0.5737704918032789
5.37,6.5886586593214345,0.0,0.5737704918032789
5.375,6.59479335081056,0.0,0.5737704918032789
5.38,6.600928042299686,0.0,0.5737704918032789
5.385,6.607062733788813,0.0,0.5737704918032789
5.39,6.613197425277939,0.0,0.5737706230969967
5.395,6.6193321167670645,0.0,0.5737712399937308
5.4,6.625466808256191,0.0,0.5737723973473994
5.405,6.631601499745318,0.0,0.5737741635635544
5.41,6.637736191234444,0.0,0.5737766363122488
5.415,6.6438708827235695,0.0,0.5737799434845899
5.42,6.650005574212695,0.0,0.5737842595108854
5.425,6.656140265701821,0.0,0.5737899259202077
5.43,6.662274957190947,0.0,0.5737972604299407
5.435,6.668409648680074,0.0,0.5738065871033353
5.44,6.6745443401692,0.0,0.5738182550712867
5.445,6.680679031658326,0.0,0.5738326294212293
5.45,6.686813723147452,0.0,0.5738500797393695
5.455,6.692948414636578,0.0,0.5738709745957474
5.46,6.699083106125705,0.0,0.5738956611611106
5.465,6.70521779761483,0.0,0.5739244609317358
5.47,6.711352489103956,0.0,0.5739576501284318
5.475,6.717487180593082,0.0,0.5739954473575036
5.48,6.72362187208221,0.0,0.5740380069243555
5.485,6.7297565635713354,0.0,0.5740853951022478
5.49,6.735891255060461,0.0,0.5741375944621739
5.495,6.742025946549587,0.0,0.574194475824323
5.5,6.748160638038713,0.0,0.5742558044709819
5.505,6.754295329527839,0.0,0.5743212294766454
5.51,6.760430021016965,0.0,0.5743902712652019
5.515,6.766564712506091,0.0,0.5744623409658668
5.52,6.772699403995217,0.0,0.5745367177927304
5.525,6.778834095484344,0.0,0.5746125729923379
5.53,6.78496878697347,0.0,0.5746889721553163
5.535,6.791103478462596,0.0,0.5747648875850719
5.54,6.797238169951722,0.0,0.5748392301451879
5.545,6.803372861440848,0.0,0.574910840912129
5.55,6.809507552929974,0.0,0.5749785499223494
5.555,6.8156422444191,0.0,0.5750411704371747
5.56,6.821776935908226,0.0,0.5750975620637193
5.565,6.827911627397353,0.0,0.5751466714655238
5.57,6.834046318886479,0.0,0.5751875221726404
5.575,6.840181010375605,0.0,0.5752193077299271
5.58,6.8463157018647305,0.0,0.5752413594947344
5.585,6.852450393353857,0.0,0.5752532266084144
5.59,6.858585084842983,0.0,0.5752546496748179
5.595,6.864719776332109,0.0,0.5752454786549253
5.6,6.870854467821235,0.0,0.5752258897980743
5.605,6.876989159310362,0.0,0.5751962904092601
5.61,6.883123850799488,0.0,0.5751573104396294
5.615,6.889258542288614,0.0,0.5751097300723342
5.62,6.89539323377774,0.0,0.5750545002118138
5.625,6.9015279252668655,0.0,0.5749926615865365
5.63,6.907662616755991,0.0,0.5749253422783847
5.635,6.913797308245118,0.0,0.5748536945592182
5.64,6.919931999734244,0.0,0.5747788627097888
5.645,6.92606669122337,0.0,0.5747019702787478
5.65,6.932201382712496,0.0,0.5746240631604457
5.655,6.938336074201622,0.0,0.5745461354065798
5.66,6.944470765690749,0.0,0.5744690528434548
5.665,6.950605457179875,0.0,0.5743936049398679
5.67,6.956740148669001,0.0,0.5743204512701997
5.675,6.962874840158126,0.0,0.5742501546568038
5.68,6.969009531647252,0.0,0.5741831598521505
5.685,6.975144223136378,0.0,0.5741198099794363
5.69,6.981278914625506,0.0,0.5740603577776175
5.695,6.9874136061146315,0.0,0.5740049547149456
5.7,6.993548297603757,0.0,0.5739536893405308
5.705,6.999682989092883,0.0,0.5739065699939193
5.71,7.00581768058201,0.0,0.5738635599095464
5.715,7.011952372071136,0.0,0.5738245616278476
5.72,7.0180870635602615,0.0,0.5737894477895
5.725,7.024221755049387,0.0,0.5737704918032789
5.73,7.030356446538514,0.0,0.5737704918032789
5.735,7.036491138027641,0.0,0.5737704918032789
5.74,7.0426258295167665,0.0,0.5737704918032789
5.745,7.048760521005892,0.0,0.5737704918032789
5.75,7.054895212495018,0.0,0.5737704918032789
5.755,7.061029903984144,0.0,0.5737704918032789
5.76,7.06716459547327,0.0,0.5737704918032789
5.765,7.0732992869623965,0.0,0.5737704918032789
5.77,7.079433978451522,0.0,0.5737704918032789
5.775,7.085568669940649,0.0,0.5737704918032789
5.78,7.091703361429775,0.0,0.5737704918032789
5.785,7.097838052918902,0.0,0.5737705663758409
5.79,7.103972744408027,0.0,0.5737713108715599
5.795,7.110107435897153,0.0,0.5737728822551333
5.8,7.116242127386279,0.0,0.5737753457319574
5.805,7.122376818875405,0.0,0.5737788011978731
5.81,7.128511510364531,0.0,0.5737833933092746
5.815,7.134646201853658,0.0,0.5737894067974818
5.82,7.140780893342784,0.0,0.5737971197515728
5.825,7.14691558483191,0.0,0.5738068326565837
5.83,7.153050276321036,0.0,0.5738188705047619
5.835,7.159184967810162,0.0,0.5738335744294976
5.84,7.165319659299288,0.0,0.5738512948379957
5.845,7.171454350788414,0.0,0.5738723707477218
5.85,7.17758904227754,0.0,0.5738971264791759
5.855,7.183723733766667,0.0,0.5739258468972799
5.86,7.189858425255793,0.0,0.5739587684982046
5.865,7.195993116744919,0.0,0.5739960655074325
5.87,7.202127808234045,0.0,0.5740378270228299
5.875,7.208262499723171,0.0,0.5740840575510803
5.88,7.214397191212297,0.0,0.5741346480075055
5.885,7.220531882701422,0.0,0.5741893821258295
5.89,7.226666574190549,0.0,0.5742479203143637
5.895,7.232801265679675,0.0,0.5743097890192504
5.9,7.238935957168802,0.0,0.5743744000601034
5.905,7.2450706486579275,0.0,0.574441025284338
5.91,7.251205340147053,0.0,0.5745088322603716
5.915,7.25734003163618,0.0,0.5745768780935541
5.92,7.263474723125306,0.0,0.5746441310048646
5.925,7.269609414614432,0.0,0.5747094976529522
5.93,7.2757441061035575,0.0,0.5747718175078614
5.935,7.281878797592683,0.0,0.5748299343630204
5.94,7.288013489081811,0.0,0.5748826978709738
5.945,7.294148180570937,0.0,0.5749290286354866
5.95,7.3002828720600625,0.0,0.574967947111647
5.955,7.306417563549188,0.0,0.5749985876016205
5.96,7.312552255038314,0.0,0.5750202730683308
5.965,7.318686946527441,0.0,0.5750324954068816
5.97,7.324821638016567,0.0,0.5750349914600495
5.975,7.3309563295056925,0.0,0.5750276095256566
5.98,7.337091020994819,0.0,0.5750104836504267
5.985,7.343225712483945,0.0,0.574984012093621
5.99,7.349360403973072,0.0,0.5749487894697716
5.995,7.355495095462198,0.0,0.5749056061170307
6.0,7.361629786951323,0.0,0.5748553685103854
6.005,7.367764478440449,0.0,0.5747991145265344
6.01,7.373899169929575,0.0,0.574737922356964
6.015,7.380033861418702,0.0,0.5746729282436783
6.02,7.386168552907828,0.0,0.5746052393869404
6.025,7.392303244396954,0.0,0.5745359382657167
6.03,7.39843793588608,0.0,0.5744660366550026
6.035,7.404572627375206,0.0,0.5743964569901722
6.04,7.410707318864333,0.0,0.5743280331335863
6.045,7.4168420103534585,0.0,0.574261474198567
6.05,7.422976701842584,0.0,0.574197400148252
6.055,7.42911139333171,0.0,0.5741362941865499
6.06,7.435246084820836,0.0,0.5740785452218848
6.065,7.4413807763099635,0.0,0.5740244277932502
6.07,7.447515467799089,0.0,0.5739741316705003
6.075,7.453650159288215,0.0,0.5739277659513248
6.08,7.459784850777341,0.0,0.5738853605713949
6.085,7.465919542266467,0.0,0.5738468970140328
6.09,7.4720542337555935,0.0,0.5738122912167956
6.095,7.478188925244719,0.0,0.5737814392501431
6.1,7.484323616733845,0.0,0.5737704918032789
6.105,7.490458308222972,0.0,0.5737704918032789
6.11,7.496592999712098,0.0,0.5737704918032789
6.115,7.502727691201224,0.0,0.5737704918032789
6.12,7.50886238269035,0.0,0.5737704918032789
6.125,7.514997074179476,0.0,0.5737704918032789
6.13,7.521131765668602,0.0,0.5737704918032789
6.135,7.527266457157728,0.0,0.5737704918032789
6.14,7.5334011486468535,0.0,0.5737704918032789
6.145,7.53953584013598,0.0,0.5737704918032789
6.15,7.545670531625107,0.0,0.5737708572731473
6.155,7.551805223114233,0.0,0.5737724084492138
6.16,7.557939914603359,0.0,0.5737752218804678
6.165,7.564074606092485,0.0,0.5737793879193102
6.17,7.570209297581611,0.0,0.5737850964775307
6.175,7.576343989070737,0.0,0.5737925836352151
6.18,7.582478680559863,0.0,0.5738021092847797
6.185,7.588613372048989,0.0,0.5738139667781182
6.19,7.594748063538116,0.0,0.5738284749656604
6.195,7.600882755027242,0.0,0.5738459577875367
6.2,7.607017446516368,0.0,0.5738667423735565
6.205,7.613152138005494,0.0,0.5738911280295622
6.21,7.619286829494619,0.0,0.573919382826799
6.215,7.625421520983745,0.0,0.573951716605039
6.22,7.631556212472872,0.0,0.5739882640806873
6.225,7.637690903961998,0.0,0.5740290797222182
6.23,7.6438255954511245,0.0,0.5740740987590275
6.235,7.64996028694025,0.0,0.5741231543490573
6.24,7.656094978429377,0.0,0.5741759394590206
6.245,7.662229669918503,0.0,0.5742320102243623
6.25,7.668364361407629,0.0,0.5742907933132564
6.255,7.6744990528967545,0.0,0.5743515642187486
6.26,7.68063374438588,0.0,0.5744134861048656
6.265,7.686768435875006,0.0,0.5744755921248809
6.27,7.692903127364133,0.0,0.5745368346491895
6.275,7.6990378188532596,0.0,0.5745960911958312
6.28,7.705172510342385,0.0,0.5746521934421532
6.285,7.711307201831511,0.0,0.5747039998717212
6.29,7.717441893320637,0.0,0.5747503722785838
6.295,7.723576584809764,0.0,0.5747902755022471
6.3,7.7297112762988895,0.0,0.5748227728096
6.305,7.735845967788015,0.0,0.5748470905015224
6.31,7.741980659277141,0.0,0.5748626539148408
6.315,7.748115350766269,0.0,0.5748690855725054
6.32,7.754250042255395,0.0,0.5748662618235714
6.325,7.76038473374452,0.0,0.5748542306202239
6.33,7.766519425233646,0.0,0.5748333593598464
6.335,7.772654116722772,0.0,0.5748041975446775
6.34,7.778788808211898,0.0,0.5747675017617296
6.345,7.784923499701025,0.0,0.5747241777149291
6.35,7.79105819119015,0.0,0.5746752437785934
6.355,7.797192882679277,0.0,0.574621807868985
6.36,7.803327574168403,0.0,0.5745649696529982
6.365,7.809462265657529,0.0,0.5745058702548169
6.37,7.8155969571466555,0.0,0.574445558608172
6.375,7.821731648635781,0.0,0.5743850520179805
6.38,7.827866340124907,0.0,0.5743252467733271
6.385,7.834001031614033,0.0,0.5742669626962725
6.39,7.840135723103159,0.0,0.5742109000681976
6.395,7.846270414592285,0.0,0.5741576279642067
6.4,7.852405106081412,0.0,0.5741076391207898
6.405,7.858539797570538,0.0,0.5740612704804136
6.41,7.864674489059664,0.0,0.5740188077621527
6.415,7.87080918054879,0.0,0.5739803890714166
6.42,7.876943872037916,0.0,0.5739461308800876
6.425,7.883078563527042,0.0,0.5739162052825919
6.43,7.889213255016168,0.0,0.5738909204501786
6.435,7.895347946505294,0.0,0.5738705336675495
6.44,7.9014826379944205,0.0,0.5738550731613775
6.445,7.907617329483547,0.0,0.5738445927164778
6.45,7.913752020972673,0.0,0.5738392358272522
6.455,7.919886712461799,0.0,0.5738391035846541
6.46,7.926021403950925,0.0,0.5738436666379508
6.465,7.9321560954400505,0.0,0.573853188588483
6.47,7.938290786929177,0.0,0.5738683578394685
6.475,7.944425478418303,0.0,0.5738901662096608
6.48,7.95056016990743,0.0,0.5739198976449021
6.485,7.956694861396556,0.0,0.5739592104994655
6.49,7.962829552885681,0.0,0.5740102437089643
6.495,7.968964244374808,0.0,0.5740755824718534
6.5,7.975098935863934,0.0,0.5741584578267299
6.505,7.98123362735306,0.0,0.5742627573981102
6.51,7.987368318842186,0.0,0.5743931589460161
6.515,7.993503010331311,0.0,0.5745553471390656
6.52,7.999637701820437,0.0,0.5747560614316172
6.525,8.005772393309565,0.0,0.5750035897577431
6.53,8.01190708479869,0.0,0.5753079641853247
6.535,8.018041776287816,0.01236699099906261,0.5756818256765277
6.54,8.024176467776943,0.016537096478018477,0.5761410531824344
6.545,8.030311159266068,0.021263264001953937,0.5767063210596743
6.55,8.036445850755195,0.028157373542796047,0.577404967834059
6.555,8.04258054224432,0.03133375638122108,0.5782743867560082
6.56,8.048715233733446,0.03269064720884282,0.5795114381628689
6.565,8.054849925222573,0.033482024008415726,0.5812240905332579
6.57,8.0609846167117,0.035692815861502414,0.5831337355902529
6.575,8.067119308200825,0.04157602975442693,0.5846334920135716
6.58,8.073253999689951,0.046497994279858075,0.5857885859927311
6.585,8.079388691179078,0.049150546308847014,0.5866908557176742
6.59,8.085523382668203,0.051873866785071866,0.5874033343960724
6.595,8.09165807415733,0.05724952890343493,0.5879706304206794
6.6,8.097792765646455,0.06251220149579659,0.5884251056599751
6.605,8.103927457135583,0.06471933291003328,0.5887908502123206
6.61,8.110062148624708,0.0655737704867258,0.589086015416655
6.615,8.116196840113835,0.06570558277357716,0.5893246250667236
6.62,8.12233153160296,0.06669908349564203,0.589517548759708
6.625,8.128466223092087,0.06931227298644861,0.589673351772822
6.63,8.134600914581211,0.07528479670225695,0.5897988521878009
6.635,8.140735606070338,0.07936656610785303,0.5898994960248812
6.64,8.146870297559465,0.08139922157072926,0.5899797194348686
6.645,8.15300498904859,0.08326186432180048,0.5900430621582214
6.65,8.159139680537717,0.08584585131002453,0.5900923986232313
6.655,8.165274372026843,0.09145453871631803,0.5901300337287682
6.66,8.17140906351597,0.09548243097267195,0.5901577856368307
6.665,8.177543755005095,0.09738410979276486,0.5901639768358737
6.67,8.183678446494222,0.09827007626108623,0.5901642147822775
6.675,8.189813137983347,0.09836065573292029,0.5901643992915022
6.68,8.195947829472473,0.09853354544877618,0.5901634018506446
6.685,8.202082520961598,0.09943615590987992,0.5901596468567767
6.69,8.208217212450727,0.10146784539039545,0.5901524539427071
6.695,8.214351903939852,0.10568256837454176,0.5901419427941352
6.7,8.220486595428978,0.11056980230144989,0.5901282052618665
6.705,8.226621286918103,0.11306656307944253,0.5901114081672495
6.71,8.23275597840723,0.11460146192994831,0.5900918442819386
6.715,8.238890669896357,0.11615131338572565,0.5900699617310586
6.72,8.245025361385482,0.11846503023890494,0.5900464510558247
6.725,8.251160052874608,0.12335862167683573,0.5900222492233465
6.73,8.257294744363735,0.12766333359722032,0.5899984995348295
6.735,8.263429435852862,0.12983106199191263,0.5899765908188039
6.74,8.269564127341987,0.1308963531422393,0.5899580204542906
6.745,8.275698818831113,0.131147535864714,0.5899442840418756
6.75,8.281833510320238,0.13122346272644173,0.5899368312344366
6.755,8.287968201809365,0.1319642141896494,0.5899369465470279
6.76,8.29410289329849,0.13389989795237572,0.5899461951978773
6.765,8.300237584787617,0.13824998918175035,0.589965201945515
6.77,8.306372276276743,0.14363504817351658,0.5899938733834607
6.775,8.31250696776587,0.1462064228387985,0.5900315463137057
6.78,8.318641659254995,0.1479732500937265,0.5900770534373873
6.785,8.324776350744122,0.15010315030977692,0.5901286755379171
6.79,8.330911042233248,0.15474909270635012,0.5901639344262297
6.795,8.337045733722373,0.16037417211064836,0.5901664973712114
6.8,8.3431804252115,0.16282165822355663,0.590176879829337
6.805,8.349315116700625,0.16385840155359746,0.5901991707479343
6.81,8.355449808189752,0.1639405331503695,0.5902383650418858
6.815,8.361584499678878,0.1644534589917327,0.5903003250271655
6.82,8.367719191168005,0.16641592693195545,0.5903916739198058
6.825,8.37385388265713,0.171582270951486,0.5905197616069197
6.83,8.379988574146257,0.17723225896388403,0.5906925528240997
6.835,8.386123265635382,0.17959780970869704,0.5909187309777081
6.84,8.392257957124508,0.1815985169987162,0.5912078049001124
6.845,8.398392648613635,0.18485576479054958,0.5915704698547667
6.85,8.40452734010276,0.19165691413058075,0.5920190037456928
6.855,8.410662031591887,0.19507527748604697,0.5925677811386443
6.86,8.416796723081013,0.1964373568621288,0.5932339983006251
6.865,8.42293141457014,0.19672130829434256,0.594038088174086
6.87,8.429066106059265,0.19699687759877965,0.5950048768632868
6.875,8.435200797548392,0.19844353890883398,0.5963190870338083
6.88,8.441335489037517,0.20217459798778886,0.5980027345605635
6.885,8.447470180526643,0.2086116838511085,0.5996586744103569
6.89,8.45360487201577,0.2116049310292001,0.6008850809690656
6.895,8.459739563504895,0.213329800734124,0.6018031266026732
6.9,8.465874254994022,0.215316202757717,0.6025023924555464
6.905,8.472008946483149,0.21928426978582757,0.6030395857634389
6.91,8.478143637972273,0.22516270396604746,0.6034513893296838
6.915,8.4842783294614,0.22792142920193115,0.6037633656165953
6.92,8.490413020950527,0.22914995483121792,0.6039954885826945
6.925,8.496547712439652,0.22950819655012503,0.6041631741991024
6.93,8.502682403928778,0.22954857290837366,0.6042783658278207
6.935,8.508817095417903,0.2301356968316644,0.60434860480514
6.94,8.514951786907032,0.23172214909799202,0.6043782535316146
6.945,8.521086478396157,0.23493841981532843,0.6043713659352815
6.95,8.527221169885284,0.24040675763459726,0.6043311912649957
6.955,8.533355861374408,0.24354628405054699,0.6042612290736022
6.96,8.539490552863535,0.24521881022510483,0.6041655486040504
6.965,8.545625244352662,0.24674312642265614,0.6040475754742634
6.97,8.551759935841787,0.24852993870148965,0.6039106071782202
6.975,8.557894627330914,0.2520283346422525,0.6037588568564248
6.98,8.56402931882004,0.257249327514438,0.6035974145639313
6.985,8.570164010309165,0.26019059794456223,0.6034341484083915
6.99,8.576298701798292,0.2616392643638822,0.603279157551321
6.995,8.582433393287419,0.2622950792519426,0.6031429898712298
7.0,8.588568084776544,0.2622954827963993,0.6030362876585309
7.005,8.59470277626567,0.26261380989770955,0.6029688737311585
7.01,8.600837467754795,0.2638384300756578,0.6029494214506481
7.015,8.606972159243922,0.2665958146269583,0.6029878553058565
7.02,8.613106850733049,0.27241262615915063,0.6030901948280245
7.025,8.619241542222175,0.2762164280553407,0.6032562969933439
7.03,8.6253762337113,0.2781687951268866,0.6034807542885936
7.035,8.631510925200427,0.28003228385991846,0.603752812102588
7.04,8.637645616689554,0.2829851856785069,0.6040590479176601
7.045,8.643780308178679,0.2893718727341773,0.6043858266197267
7.05,8.649914999667805,0.29308069895237926,0.6047199046621878
7.055,8.65604969115693,0.2946526632721352,0.6050490015925957
7.06,8.662184382646057,0.29508195944405247,0.6053624735852924
7.065,8.668319074135184,0.2952542054315663,0.6056520530331327
7.07,8.67445376562431,0.2965491638051873,0.6059118921970916
7.075,8.680588457113435,0.3001974401944876,0.6061388340701347
7.08,8.686723148602562,0.30703151990489896,0.6063320714917039
7.085,8.692857840091687,0.3101529294605767,0.6064922488065267
7.09,8.698992531580814,0.3120532754873166,0.6065573770491804
7.095,8.70512722306994,0.314635898734744,0.6065573770491804
7.1,8.711261914559065,0.3210199367635609,0.6065573770491804
7.105,8.717396606048192,0.3255418663827002,0.6065573770491804
7.11,8.723531297537319,0.32730444165838174,0.6065573770491804
7.115,8.729665989026445,0.32786885245901654,0.6065573770491804
7.12,8.73580068051557,0.3279351323882385,0.6065573770491804
7.125,8.741935372004697,0.32877506924483035,0.6065573770491804
7.13,8.748070063493822,0.33119115100214047,0.6065573770491804
7.135,8.754204754982949,0.33692679947454585,0.6065573770491804
7.14,8.760339446472074,0.34139710641603077,0.6065573770491804
7.145,8.7664741379612,0.34338279563081153,0.6065573770491804
7.15,8.772608829450327,0.3449406253108287,0.6065573770491804
7.155,8.778743520939454,0.3468182560459027,0.6065573770491804
7.16,8.784878212428579,0.3505374514709968,0.6065573770491804
7.165,8.791012903917705,0.35578973968572697,0.6065573770491804
7.17,8.797147595406832,0.35854453589210084,0.6065573770491804
7.175,8.803282286895957,0.3598848721745164,0.6065573770491804
7.18,8.809416978385084,0.3605754946768974,0.6065573770491804
7.185,8.815551669874209,0.0,0.6065573770491804
7.19,8.821686361363337,0.0,0.6065573770491804
7.195,8.827821052852462,0.0,0.6065573770491804
7.2,8.833955744341589,0.0,0.6065573770491804
7.205,8.840090435830714,0.0,0.6065573770491804
7.21,8.84622512731984,0.0,0.6065573770491804
7.215,8.852359818808965,0.0,0.6065572401616485
7.22,8.858494510298092,0.0,0.6065429906958854
7.225,8.864629201787219,0.0,0.6065089645090004
7.23,8.870763893276346,0.0,0.6064711368417565
7.235,8.87689858476547,0.0,0.6064457045932239
7.24,8.883033276254597,0.0,0.6064387657309437
7.245,8.889167967743724,0.0,0.6064513928472478
7.25,8.895302659232849,0.0,0.606474658071995
7.255,8.901437350721976,0.0,0.6064967163390783
7.26,8.9075720422111,0.014741206172179252,0.6065115401831555
7.265,8.913706733700227,0.016755554531782166,0.6065168713916554
7.27,8.919841425189354,0.01774920683276833,0.6065239932739172
7.275,8.92597611667848,0.39563217545710516,0.6065507638490305
7.28,8.932110808167605,0.3999401556813838,0.6065573770491804
7.285,8.938245499656732,0.4063303093128775,0.6065573770491804
7.29,8.944380191145857,0.4091076331427156,0.6065573770491804
7.295,8.950514882634984,0.040132923651926014,0.6065573770491804
7.3,8.95664957412411,0.0,0.6065573770491804
7.305,8.962784265613235,0.0,0.6065573770491804
7.31,8.968918957102362,0.0,0.6065573770491804
7.315,8.975053648591489,0.0,0.6065573770491804
7.32,8.981188340080616,0.0,0.6065610919069564
7.325,8.98732303156974,0.0,0.6066087395347473
7.33,8.993457723058867,0.014017517502130483,0.6067252559471791
7.335,8.999592414547992,0.016498519215556083,0.6069567315627636
7.34,9.005727106037119,0.01679685213314351,0.6073867972136443
7.345,9.011861797526246,0.01663563665885015,0.6081140867715354
7.35,9.01799648901537,0.015868727768282805,0.609199610230156
7.355,9.024131180504497,0.015129519182580587,0.6105704617943105
7.36,9.030265871993624,0.0143249664971418,0.6119261095590628
7.365,9.036400563482749,0.012735739023245811,0.6130411143342797
7.37,9.042535254971876,0.008210083783841512,0.6132686022879902
7.375,9.048669946461002,0.0,0.6128745029029118
7.38,9.054804637950127,0.0,0.6121931949003782
7.385,9.060939329439254,0.0,0.6114604768783539
7.39,9.067074020928379,0.0,0.6107684430969285
7.395,9.073208712417506,0.0,0.6100628957320609
7.4,9.079343403906632,0.0,0.6093001008295
7.405,9.085478095395759,0.0,0.6085045656880513
7.41,9.091612786884884,0.0,0.6077467259963073
7.415,9.09774747837401,0.0,0.6071153437753812
7.42,9.103882169863137,0.0,0.6066661468235435
7.425,9.110016861352262,0.0,0.6065573770491804
7.43,9.116151552841389,0.0,0.6065573770491804
7.435,9.122286244330514,0.0,0.6065573770491804
7.44,9.12842093581964,0.0,0.6065573770491804
7.445,9.134555627308767,0.0,0.6065573770491804
7.45,9.140690318797894,0.0,0.6065573770491804
7.455,9.146825010287019,0.0,0.6065573770491804
7.46,9.152959701776146,0.0,0.6065573770491804
7.465,9.15909439326527,0.0,0.6065573770491804
7.47,9.165229084754397,0.0,0.6065573770491804
7.475,9.171363776243524,0.0,0.6065573770491804
7.48,9.17749846773265,0.0,0.6065573770491804
7.485,9.183633159221776,0.0,0.6065573770491804
7.49,9.189767850710902,0.0,0.6065573770491804
7.495,9.19590254220003,0.0,0.6065573770491804
7.5,9.202037233689154,0.0,0.6065573770491804
7.505,9.20817192517828,0.0,0.6065573770491804
7.51,9.214306616667406,0.0,0.6065877894122866
7.515,9.220441308156532,0.0,0.6069266443012454
7.52,9.226575999645657,0.0,0.6079410777893108
7.525,9.232710691134786,0.0,0.6101985374636639
7.53,9.23884538262391,0.0,0.6156891924155555
7.535,9.244980074113037,0.0,0.6198998766665489
7.54,9.251114765602162,0.0,0.6216962791136798
7.545,9.257249457091289,0.0,0.6225985706334958
7.55,9.263384148580416,0.0,0.6229633749134215
7.555,9.26951884006954,0.0,0.6232302949178716
7.56,9.275653531558667,0.0,0.6239782511979849
7.565,9.281788223047794,0.0,0.6252405144737674
7.57,9.28792291453692,0.0,0.6267233255971232
7.575,9.294057606026046,0.0,0.6277309342321159
7.58,9.300192297515173,0.0,0.6276053884689375
7.585,9.306326989004297,0.0,0.6264848072987845
7.59,9.312461680493424,0.0,0.625080333852555
7.595,9.318596371982549,0.0,0.623965257112666
7.6,9.324731063471676,0.013527735231352115,0.6232488569169163
7.605,9.330865754960803,0.015385608936742071,0.6229414398523552
7.61,9.33700044644993,0.015870512240014387,0.6227424006861807
7.615,9.343135137939054,0.016318672826038806,0.6220659576929725
7.62,9.34926982942818,0.01743628065663262,0.620304328372336
7.625,9.355404520917308,0.01993862661602875,0.6153698028192416
7.63,9.361539212406432,0.025966629475335783,0.6097369219597066
7.635,9.36767390389556,0.029899476145863118,0.6077188097801163
7.64,9.373808595384684,0.03166094552050379,0.6068231325613377
7.645,9.37994328687381,0.032196163204943756,0.6065573770491804
7.65,9.386077978362938,0.03219853720281574,0.6065573770491804
7.655,9.392212669852064,0.0,0.6065573770491804
7.66,9.39834736134119,0.0,0.6065573770491804
7.665,9.404482052830316,0.0,0.6065573770491804
7.67,9.41061674431944,0.0,0.6065474470010352
7.675,9.416751435808568,0.0,0.6064912936989657
7.68,9.422886127297694,0.0,0.606406568147567
7.685,9.42902081878682,0.0,0.606405518383047
7.69,9.435155510275946,0.0,0.6058489338072673
7.695,9.441290201765073,0.0,0.6043167588230484
7.7,9.4474248932542,0.0,0.6017586318327929
7.705,9.453559584743324,0.0,0.11266970714864846
7.71,9.459694276232451,0.0,0.11507489503572624
7.715,9.465828967721576,0.0,0.14242049445909272
7.72,9.471963659210703,0.0,0.14514603814361907
7.725,9.47809835069983,0.0,0.14643346020508877
7.73,9.484233042188956,0.0,0.155793145022439
7.735,9.490367733678081,0.0,0.1611070763054375
7.74,9.496502425167208,0.0,0.16141791742672354
7.745,9.502637116656333,0.0,0.1623515032575421
7.75,9.50877180814546,0.0,0.16766270742566
7.755,9.514906499634586,0.0,0.18166486536712062
7.76,9.521041191123711,0.0,0.1901715077988292
7.765,9.527175882612838,0.0,0.20586326054695764
7.77,9.533310574101963,0.0,0.2120893763902253
7.775,9.539445265591091,0.0,0.2135667829362933
7.78,9.545579957080216,0.0,0.21796439555545324
7.785,9.551714648569343,0.0,0.2275856204434771
7.79,9.557849340058468,0.0,0.2294448678249737
7.795,9.563984031547594,0.0,0.2295081967213115
7.8,9.570118723036721,0.0,0.22951050118286814
7.805,9.576253414525846,0.0,0.229886209904246
7.81,9.582388106014973,0.0,0.2312144131853111
7.815,9.5885227975041,0.0,0.23347316895597905
7.82,9.594657488993224,0.0,0.23693774120084687
7.825,9.600792180482351,0.0,0.23991314747464731
7.83,9.606926871971478,0.0,0.2414655136907434
7.835,9.613061563460603,0.0,0.2420094758945636
7.84,9.61919625494973,0.0,0.2418824717917725
7.845,9.625330946438854,0.0,0.24140191050768064
7.85,9.631465637927981,0.0,0.2409415265813108
7.855,9.637600329417108,0.0,0.24082028129490565
7.86,9.643735020906234,0.0,0.24090978577793343
7.865,9.64986971239536,0.00940155353583386,0.24097842323746135
7.87,9.656004403884486,0.01134841845047604,0.2409002364351303
7.875,9.662139095373613,0.012282162931792366,0.24037266761490833
7.88,9.668273786862738,0.020762030341507642,0.23903149110885125
7.885,9.674408478351864,0.0,0.236346692414499
7.89,9.68054316984099,0.0,0.2334787687556515
7.895,9.686677861330116,0.0,0.23171719915548067
7.9,9.692812552819243,0.0,0.2306457501362542
7.905,9.69894724430837,0.0,0.22944490119104916
7.91,9.705081935797494,0.0,0.22870628241598387
7.915,9.711216627286621,0.0,0.22767772689992613
7.92,9.717351318775746,0.0,0.22637483433030944
7.925,9.723486010264873,0.0,0.2542910081201017
7.93,9.729620701754,0.0,0.2605628692214196
7.935,9.735755393243124,0.0,0.26127734926718205
7.94,9.741890084732251,0.0,0.2611328628036944
7.945,9.748024776221378,0.0,0.261266527460096
7.95,9.754159467710505,0.0,0.2614905614104726
7.955,9.76029415919963,0.0,0.26155063684775043
7.96,9.766428850688756,0.0,0.26160206712301265
7.965,9.772563542177881,0.0,0.26168837308955395
7.97,9.778698233667008,0.0,0.26176206445670047
7.975,9.784832925156133,0.0,0.26183271707807926
7.98,9.790967616645261,0.0,0.2618654004903484
7.985,9.797102308134386,0.0,0.2618417616238213
7.99,9.803236999623513,0.0,0.26171176514356864
7.995,9.809371691112638,0.0,0.26143510896259664
8.0,9.815506382601765,0.0,0.26080830065130045
8.005,9.821641074090891,0.0,0.2595065862407244
8.01,9.827775765580016,0.0,0.2569210080881266
8.015,9.833910457069143,0.0,0.25229363145848877
8.02,9.840045148558268,0.0,0.24910368580029713
8.025,9.846179840047396,0.0,0.24724536136001418
8.03,9.852314531536521,0.0,0.24573858023020706
8.035,9.858449223025648,0.0,0.24318019826835816
8.04,9.864583914514773,0.0,0.23635795647229552
8.045,9.8707186060039,0.0,0.23196593486619876
8.05,9.876853297493026,0.0,0.23070991840606203
8.055,9.882987988982151,0.0,0.2305485715671126
8.06,9.889122680471278,0.0,0.23090800468353534
8.065,9.895257371960403,0.0,0.23161057223890594
8.07,9.90139206344953,0.0,0.23235213878103672
8.075,9.907526754938655,0.008937611705456398,0.23319494039179026
8.08,9.913661446427783,0.011300941697198344,0.23393271704239532
8.085,9.91979613791691,0.012486841679557457,0.23487022248216763
8.09,9.925930829406035,0.013119370221049965,0.23499262470072094
8.095,9.932065520895161,0.013460456241723474,0.2346801219231909
8.1,9.938200212384286,0.013679847334977254,0.23409165883942393
8.105,9.944334903873413,0.013776024412222674,0.23355675533085385
8.11,9.950469595362538,0.013642621432789633,0.23311434063974076
8.115,9.956604286851665,0.01301611713169993,0.23235394071536633
8.12,9.96273897834079,0.011753511897412052,0.2313935565588214
8.125,9.968873669829916,0.009376266635872193,0.23067355020659286
8.13,9.975008361319045,0.0,0.23053196534728793
8.135,9.98114305280817,0.0,0.2309624002186496
8.14,9.987277744297296,0.0,0.23160537552149643
8.145,9.993412435786421,0.0,0.23085788461492454
8.15,9.999547127275548,0.0,0.22583258288311395
8.155,10.005681818764673,0.0,0.19621394775041998
8.16,10.0118165102538,0.0,0.196767312710327
8.165,10.017951201742925,0.0,0.19677509930844345
8.17,10.024085893232051,0.0,0.1968424786841757
8.175,10.03022058472118,0.0,0.19739455271372527
8.18,10.036355276210305,0.0,0.20408198271594374
8.185,10.042489967699431,0.0,0.21111207143524843
8.19,10.048624659188556,0.0,0.21506997002636366
8.195,10.054759350677683,0.0,0.2335986908615411
8.2,10.060894042166808,0.0,0.2364609032821409
8.205,10.067028733655935,0.0,0.23656417962968984
8.21,10.073163425145061,0.0,0.23773568884155122
8.215,10.079298116634186,0.0,0.24113141284734374
8.22,10.085432808123313,0.0,0.2441280438345848
8.225,10.091567499612438,0.0,0.24547544672727067
8.23,10.097702191101567,0.0,0.24601278569535634
8.235,10.103836882590691,0.0,0.2463217083392067
8.24,10.109971574079818,0.0,0.2467914989390987
8.245,10.116106265568943,0.0,0.2473090923194633
8.25,10.12224095705807,0.0,0.24773372045981373
8.255,10.128375648547197,0.0,0.24794910757324817
8.26,10.134510340036321,0.0,0.2478931186539917
8.265,10.140645031525448,0.0,0.247565948922323
8.27,10.146779723014573,0.0,0.24704501127940603
8.275,10.1529144145037,0.0,0.24649397872487955
8.28,10.159049105992825,0.0,0.2460567218563761
8.285,10.165183797481953,0.0,0.24589677884774577
8.29,10.171318488971078,0.0,0.24576530037735875
8.295,10.177453180460205,0.0,0.24529002161377253
8.3,10.183587871949332,0.0,0.24417533934711036
8.305,10.189722563438457,0.0,0.24185148116641858
8.31,10.195857254927583,0.0,0.23581727965266416
8.315,10.201991946416708,0.0,0.23139181883254376
8.32,10.208126637905835,0.0,0.22977883142756902
8.325,10.21426132939496,0.0,0.229081190523956
8.33,10.220396020884088,0.0,0.22875505128186527
8.335,10.226530712373215,0.0,0.2287703272796807
8.34,10.23266540386234,0.0,0.22870261794185984
8.345,10.238800095351467,0.0,0.22852767060244866
8.35,10.244934786840592,0.0,0.22824260266787108
8.355,10.251069478329718,0.0,0.22804428510101596
8.36,10.257204169818843,0.0,0.22807144724218265
8.365,10.26333886130797,0.0,0.22795058839052426
8.37,10.269473552797095,0.0,0.22680793103689995
8.375,10.275608244286222,0.0,0.22266224016066447
8.38,10.28174293577535,0.0,0.1626629549894765
8.385,10.287877627264475,0.0,0.16342820637770394
8.39,10.294012318753602,0.0,0.1729969920511327
8.395,10.300147010242727,0.0,0.1792447423497097
8.4,10.306281701731853,0.0,0.1890411593954009
8.405,10.312416393220978,0.0,0.19093288001006725
8.41,10.318551084710105,0.0,0.19270782855624088
8.415,10.32468577619923,0.0,0.19466187146950867
8.42,10.330820467688357,0.0,0.19655361173529778
8.425,10.336955159177483,0.0,0.197629048958294
8.43,10.343089850666608,0.0,0.200079067768357
8.435,10.349224542155737,0.0,0.20849865351718114
8.44,10.355359233644862,0.0,0.21139304102513481
8.445,10.361493925133988,0.0,0.21209682176002548
8.45,10.367628616623113,0.0,0.21384186370701233
8.455,10.37376330811224,0.0,0.22241015633380395
8.46,10.379897999601367,0.0,0.22750590959885578
8.465,10.386032691090492,0.0,0.22843662872590356
8.47,10.392167382579618,0.0,0.22843667242715693
8.475,10.398302074068743,0.0,0.22867973818872495
8.48,10.404436765557872,0.0,0.2299982786179838
8.485,10.410571457046997,0.0,0.23247326487974454
8.49,10.416706148536123,0.0,0.2367873918347059
8.495,10.422840840025248,0.0,0.24012550602932906
8.5,10.428975531514375,0.0,0.24136915392689212
8.505,10.435110223003502,0.0,0.24165340506583857
8.51,10.441244914492627,0.0,0.2409272656774164
8.515,10.447379605981753,0.0,0.23850870409971728
8.52,10.453514297470878,0.0,0.23422701677421195
8.525,10.459648988960005,0.0,0.2313079380638611
8.53,10.46578368044913,0.0,0.2296298982722952
8.535,10.471918371938258,0.0,0.22872625334281355
8.54,10.478053063427383,0.0,0.22861191210709364
8.545,10.48418775491651,0.0,0.22861156891361747
8.55,10.490322446405637,0.0,0.22860993547864275
8.555,10.496457137894762,0.0,0.22827436919382732
8.56,10.502591829383888,0.0,0.2268961295321788
8.565,10.508726520873013,0.0,0.2255951830753106
8.57,10.51486121236214,0.0,0.22355779537007645
8.575,10.520995903851265,0.0,0.1951306433002959
8.58,10.527130595340392,0.0,0.1980438977834263
8.585,10.53326528682952,0.0,0.1998090996597663
8.59,10.539399978318645,0.0,0.20013520407088922
8.595,10.545534669807772,0.0,0.19866855281184356
8.6,10.551669361296897,0.0,0.19781563215243098
8.605,10.557804052786024,0.0,0.1977726510413484
8.61,10.563938744275148,0.0,0.19811818953828542
8.615,10.570073435764275,0.0,0.2026673152078587
8.62,10.5762081272534,0.0,0.20795300382722068
8.625,10.582342818742527,0.0,0.2096560560726727
8.63,10.588477510231655,0.0,0.21068104430899992
8.635,10.59461220172078,0.0,0.21144858319171356
8.64,10.600746893209907,0.0,0.21193364486517988
8.645,10.606881584699032,0.0,0.21223091191624693
8.65,10.613016276188159,0.0,0.212404667961089
8.655,10.619150967677284,0.0,0.21249602481792412
8.66,10.62528565916641,0.0,0.21253483956940664
8.665,10.631420350655535,0.0,0.2125285593578957
8.67,10.637555042144662,0.0,0.2124904038516684
8.675,10.643689733633789,0.0,0.21245452845026014
8.68,10.649824425122913,0.0,0.21247298540984869
8.685,10.655959116612042,0.0,0.21255900061118685
8.69,10.662093808101167,0.0,0.21275763972355494
8.695,10.668228499590294,0.0,0.21306282611836116
8.7,10.674363191079419,0.0,0.21341914183445707
8.705,10.680497882568545,0.0,0.21380563744677822
8.71,10.686632574057672,0.0,0.21407170640784418
8.715,10.692767265546797,0.0,0.21396286010290635
8.72,10.698901957035924,0.0,0.213550807471129
8.725,10.705036648525049,0.0,0.2129551573146454
8.73,10.711171340014175,0.0,0.21224995408856276
8.735,10.7173060315033,0.0,0.21118131815748706
8.74,10.723440722992429,0.0,0.20972425707319564
8.745,10.729575414481554,0.0,0.20777215908233407
8.75,10.73571010597068,0.0,0.20567381600791382
8.755,10.741844797459807,0.0,0.18429841285467344
8.76,10.747979488948932,0.0,0.18377852519872853
8.765,10.754114180438059,0.0,0.20616680530609466
8.77,10.760248871927184,0.0,0.20696201293201444
8.775,10.76638356341631,0.0,0.20759996369498096
8.78,10.772518254905435,0.0,0.2081495430905374
8.785,10.778652946394564,0.0,0.208244961724859
8.79,10.784787637883687,0.0,0.20778716591425336
8.795,10.790922329372815,0.0,0.2070588595250926
8.8,10.797057020861942,0.0,0.20610178203397853
8.805,10.803191712351067,0.0,0.1830389679806605
8.81,10.809326403840194,0.0,0.18284798332201646
8.815,10.815461095329319,0.0,0.18312260474438538
8.82,10.821595786818445,0.0,0.1833648907165527
8.825,10.82773047830757,0.0,0.18434642330543016
8.83,10.833865169796697,0.0,0.19109300208882388
8.835,10.839999861285825,0.0,0.19728282103369568
8.84,10.84613455277495,0.0,0.19802560115630571
8.845,10.852269244264077,0.0,0.19693852678863055
8.85,10.858403935753202,0.0,0.1947325040083004
8.855,10.864538627242329,0.0,0.19380466792082726
8.86,10.870673318731454,0.0,0.1889351783684379
8.865,10.87680801022058,0.0,0.1663162612696902
8.87,10.882942701709705,0.0,0.16694216240016063
8.875,10.889077393198832,0.0,0.16902564591009303
8.88,10.895212084687959,0.0,0.20715559849837914
8.885,10.901346776177084,0.0,0.20887909562002327
8.89,10.907481467666212,0.0,0.20972954592426685
8.895,10.913616159155337,0.0,0.210112066413546
8.9,10.919750850644464,0.0,0.2100113145489928
8.905,10.925885542133589,0.0,0.20973134396148213
8.91,10.932020233622715,0.0,0.20968480503819928
8.915,10.93815492511184,0.0,0.20941018662508457
8.92,10.944289616600967,0.0,0.2088129390682272
8.925,10.950424308090094,0.0,0.2078775749976466
8.93,10.956558999579219,0.0,0.20659732801967207
8.935,10.962693691068347,0.0,0.20493771597207464
8.94,10.968828382557472,0.0,0.202988743287029
8.945,10.974963074046599,0.0,0.20153675915470395
8.95,10.981097765535724,0.0,0.20026572316683397
8.955,10.98723245702485,0.0,0.19924823836090166
8.96,10.993367148513977,0.0,0.19841640595890295
8.965,10.999501840003102,0.0,0.1977035473297471
8.97,11.005636531492229,0.0,0.19710308573571203
8.975,11.011771222981354,0.0,0.1966172219960668
8.98,11.01790591447048,0.0,0.19622857993522488
8.985,11.024040605959605,0.0,0.19591645935122765
8.99,11.030175297448734,0.0,0.1956657215219798
8.995,11.036309988937859,0.0,0.19546276722720296
9.0,11.042444680426986,0.0,0.1952977960907498
