time_s,Tstar,Yint_star,Yfs_star
0.005,0.006134691489126103,0.0,0.590151667077756
0.01,0.012269382978252205,0.0,0.5901160378960015
0.015,0.01840407446737831,0.0,0.5900571108154429
0.02,0.02453876595650441,0.0,0.5899743863726495
0.025,0.030673457445630516,0.0,0.5898672013274023
0.03,0.03680814893475662,0.0,0.589734691887147
0.035,0.042942840423882724,0.0,0.5895757292169713
0.04,0.04907753191300882,0.0,0.5893888671747881
0.045,0.05521222340213492,0.0,0.5891723038796434
0.05,0.06134691489126103,0.0,0.5889237818935005
0.055,0.06748160638038714,0.0,0.5886404510765331
0.06,0.07361629786951324,0.0,0.5883187500155814
0.065,0.07975098935863933,0.0,0.5879542103532394
0.07,0.08588568084776545,0.0,0.5875412031505617
0.075,0.09202037233689155,0.0,0.5870726559787102
0.08,0.09815506382601764,0.0,0.5865396772806307
0.085,0.10428975531514376,0.0,0.5859309621151623
0.09,0.11042444680426984,0.0,0.5852320903885971
0.095,0.11655913829339595,0.0,0.5844254277448543
0.1,0.12269382978252207,0.0,0.5835016915149179
0.105,0.12882852127164815,0.0,0.5824450613297008
0.11,0.13496321276077428,0.0,0.5812934400945678
0.115,0.14109790424990037,0.0,0.5802774033964909
0.12,0.14723259573902647,0.0,0.5793994615324702
0.125,0.15336728722815257,0.0,0.5786379259663654
0.13,0.15950197871727867,0.0,0.5779751725310213
0.135,0.1656366702064048,0.0,0.5773967772953991
0.14,0.1717713616955309,0.0,0.5768908280968884
0.145,0.17790605318465696,0.0,0.5764473887132847
0.15,0.1840407446737831,0.0,0.5760581504939503
0.155,0.1901754361629092,0.0,0.5757160890124334
0.16,0.1963101276520353,0.0,0.5754152430887164
0.165,0.20244481914116141,0.0,0.575150525802346
0.17,0.2085795106302875,0.0,0.574917579572901
0.175,0.21471420211941358,0.0,0.5747126563791115
0.18,0.22084889360853968,0.0,0.5745325041076034
0.185,0.2269835850976658,0.0,0.5743743042290658
0.19,0.2331182765867919,0.0,0.574235598836576
0.195,0.23925296807591803,0.0,0.5741142336243634
0.2,0.24538765956504413,0.0,0.5740083182063881
0.205,0.2515223510541702,0.0,0.5739161784179815
0.21,0.2576570425432963,0.0,0.573836336011916
0.215,0.2637917340324224,0.0,0.5737704918032789
0.22,0.26992642552154855,0.0,0.5737704918032789
0.225,0.27606111701067465,0.0,0.5737704918032789
0.23,0.28219580849980075,0.0,0.5737704918032789
0.235,0.2883304999889268,0.0,0.5737704918032789
0.24,0.29446519147805295,0.0,0.5737704918032789
0.245,0.30059988296717904,0.0,0.5737704918032789
0.25,0.30673457445630514,0.0,0.5737704918032789
0.255,0.31286926594543124,0.0,0.5737704918032789
0.26,0.31900395743455734,0.0,0.5737704918032789
0.265,0.3251386489236835,0.0,0.5737704918032789
0.27,0.3312733404128096,0.0,0.5737704918032789
0.275,0.3374080319019357,0.0,0.5737704918032789
0.28,0.3435427233910618,0.0,0.5737704918032789
0.285,0.34967741488018783,0.0,0.5737704918032789
0.29,0.35581210636931393,0.0,0.5737704918032789
0.295,0.36194679785844003,0.0,0.5737704918032789
0.3,0.3680814893475662,0.0,0.5737704918032789
0.305,0.3742161808366923,0.0,0.5737704918032789
0.31,0.3803508723258184,0.0,0.5737704918032789
0.315,0.3864855638149445,0.0,0.5737704918032789
0.32,0.3926202553040706,0.0,0.5737704918032789
0.325,0.3987549467931967,0.0,0.5737704918032789
0.33,0.40488963828232283,0.0,0.5737704918032789
0.335,0.4110243297714489,0.0,0.5737704918032789
0.34,0.417159021260575,0.0,0.5737704918032789
0.345,0.42329371274970107,0.0,0.5737704918032789
0.35,0.42942840423882717,0.0,0.5737704918032789
0.355,0.43556309572795326,0.0,0.5737704918032789
0.36,0.44169778721707936,0.0,0.5737704918032789
0.365,0.4478324787062055,0.0,0.5737704918032789
0.37,0.4539671701953316,0.0,0.5737704918032789
0.375,0.4601018616844577,0.0,0.5737704918032789
0.38,0.4662365531735838,0.0,0.5737704918032789
0.385,0.4723712446627099,0.0,0.5737704918032789
0.39,0.47850593615183606,0.0,0.5737704918032789
0.395,0.48464062764096216,0.0,0.5737704918032789
0.4,0.49077531913008826,0.0,0.5737704918032789
0.405,0.49691001061921436,0.0,0.5737704918032789
0.41,0.5030447021083404,0.0,0.5737704918032789
0.415,0.5091793935974666,0.0,0.5737704918032789
0.42,0.5153140850865926,0.0,0.5737704918032789
0.425,0.5214487765757188,0.0,0.5737708168020579
0.43,0.5275834680648448,0.0,0.573774812879124
0.435,0.533718159553971,0.0,0.5737842609386207
0.44,0.5398528510430971,0.0,0.5738003747647832
0.445,0.5459875425322231,0.0,0.5738245090337312
0.45,0.5521222340213493,0.0,0.5738579861684641
0.455,0.5582569255104753,0.0,0.5739021718489864
0.46,0.5643916169996015,0.0,0.5739584831654938
0.465,0.5705263084887275,0.0,0.5740283727105082
0.47,0.5766609999778536,0.0,0.5741133332856981
0.475,0.5827956914669797,0.0,0.5742148698243839
0.48,0.5889303829561059,0.0,0.5743346490792902
0.485,0.5950650744452319,0.0,0.5744743180820281
0.49,0.6011997659343581,0.0,0.5746356664015475
0.495,0.6073344574234841,0.0,0.5748206220602093
0.5,0.6134691489126103,0.0,0.5750312811562972
0.505,0.6196038404017364,0.0,0.5752699663077656
0.51,0.6257385318908625,0.0,0.5755392507418836
0.515,0.6318732233799886,0.0,0.575842026509558
0.52,0.6380079148691147,0.0,0.5761815698013547
0.525,0.6441426063582408,0.0,0.576561597987952
0.53,0.650277297847367,0.0,0.5769863727603493
0.535,0.656411989336493,0.0,0.577460787969149
0.54,0.6625466808256192,0.0,0.5779904986480946
0.545,0.6686813723147452,0.0,0.5785820254861949
0.55,0.6748160638038714,0.0,0.5792662886075697
0.555,0.6809507552929974,0.0,0.5801894571596907
0.56,0.6870854467821236,0.0,0.5811962803711335
0.565,0.6932201382712495,0.0,0.5822787984563071
0.57,0.6993548297603757,0.0,0.5832427855300287
0.575,0.7054895212495018,0.0,0.5840501201551207
0.58,0.7116242127386279,0.0,0.5847318897877276
0.585,0.717758904227754,0.0,0.5853115752603562
0.59,0.7238935957168801,0.0,0.5858072574730406
0.595,0.7300282872060062,0.0,0.5862330368438637
0.6,0.7361629786951324,0.0,0.5866000801694917
0.605,0.7422976701842584,0.0,0.5869173275240398
0.61,0.7484323616733846,0.0,0.5871919755429155
0.615,0.7545670531625106,0.0,0.5874299064472039
0.62,0.7607017446516368,0.0,0.5876359254567998
0.625,0.7668364361407629,0.0,0.5878139976874049
0.63,0.772971127629889,0.0,0.5879673991561257
0.635,0.7791058191190151,0.0,0.5880988389183831
0.64,0.7852405106081412,0.0,0.5882105745442316
0.645,0.7913752020972673,0.0,0.5883044515683553
0.65,0.7975098935863933,0.0,0.5883819926738733
0.655,0.8036445850755195,0.0,0.5884444168569393
0.66,0.8097792765646457,0.0,0.5884926928818557
0.665,0.8159139680537717,0.0,0.5885275599948432
0.67,0.8220486595428979,0.0,0.5885495441767675
0.675,0.8281833510320239,0.0,0.5885589828227523
0.68,0.83431804252115,0.0,0.5885560742438444
0.685,0.8404527340102762,0.0,0.5885409513625762
0.69,0.8465874254994021,0.0,0.5885134040799415
0.695,0.8527221169885283,0.0,0.5884730376260182
0.7,0.8588568084776543,0.0,0.5884192654684783
0.705,0.8649914999667805,0.0,0.5883513085047879
0.71,0.8711261914559065,0.0,0.5882682406819258
0.715,0.8772608829450327,0.0,0.5881689517963726
0.72,0.8833955744341587,0.0,0.5880519000687338
0.725,0.8895302659232849,0.0,0.5879150934424239
0.73,0.895664957412411,0.0,0.5877563353600669
0.735,0.9017996489015371,0.0,0.5875731986728683
0.74,0.9079343403906632,0.0,0.5873626083613909
0.745,0.9140690318797893,0.0,0.5871210067115175
0.75,0.9202037233689154,0.0,0.5868443062696868
0.755,0.9263384148580416,0.0,0.5865274280776981
0.76,0.9324731063471676,0.0,0.5861642030077303
0.765,0.9386077978362938,0.0,0.5857471314109178
0.77,0.9447424893254198,0.0,0.5852669282801445
0.775,0.950877180814546,0.0,0.5847120366687864
0.78,0.9570118723036721,0.0,0.5839103064926475
0.785,0.9631465637927982,0.0,0.5829936840999735
0.79,0.9692812552819243,0.0,0.5819463119283563
0.795,0.9754159467710504,0.0,0.5809047028478205
0.8,0.9815506382601765,0.0,0.5799938949346106
0.805,0.9876853297493026,0.0,0.5791955947081512
0.81,0.9938200212384287,0.0,0.5784944461191622
0.815,0.9999547127275547,0.0,0.5778775234058452
0.82,1.0060894042166808,0.0,0.5773338682089203
0.825,1.0122240957058068,0.0,0.5768541500553866
0.83,1.0183587871949331,0.0,0.5764304118099606
0.835,1.0244934786840592,0.0,0.5760558159756516
0.84,1.0306281701731852,0.0,0.5757244879652117
0.845,1.0367628616623112,0.0,0.5754313468349366
0.85,1.0428975531514375,0.0,0.5751719912716139
0.855,1.0490322446405635,0.0,0.5749425975572698
0.86,1.0551669361296896,0.0,0.5747398208805999
0.865,1.0613016276188159,0.0,0.5745607350343054
0.87,1.067436319107942,0.0,0.5744027676884443
0.875,1.073571010597068,0.0,0.5742636647121848
0.88,1.0797057020861942,0.0,0.5741414284339363
0.885,1.0858403935753203,0.0,0.5740342934209861
0.89,1.0919750850644463,0.0,0.5739406859754806
0.895,1.0981097765535723,0.0,0.5738592005975343
0.9,1.1042444680426986,0.0,0.5737885774985619
0.905,1.1103791595318246,0.0,0.5737704918032789
0.91,1.1165138510209507,0.0,0.5737704918032789
0.915,1.122648542510077,0.0,0.5737704918032789
0.92,1.128783233999203,0.0,0.5737704918032789
0.925,1.134917925488329,0.0,0.5737704918032789
0.93,1.141052616977455,0.0,0.5737704918032789
0.935,1.1471873084665813,0.0,0.5737704918032789
0.94,1.1533219999557072,0.0,0.5737704918032789
0.945,1.1594566914448334,0.0,0.5737704918032789
0.95,1.1655913829339595,0.0,0.5737704918032789
0.955,1.1717260744230855,0.0,0.5737704918032789
0.96,1.1778607659122118,0.0,0.5737704918032789
0.965,1.1839954574013378,0.0,0.5737704918032789
0.97,1.1901301488904639,0.0,0.5737704918032789
0.975,1.1962648403795901,0.0,0.5737704918032789
0.98,1.2023995318687162,0.0,0.5737704918032789
0.985,1.2085342233578422,0.0,0.5737704918032789
0.99,1.2146689148469683,0.0,0.5737704918032789
0.995,1.2208036063360945,0.0,0.5737704918032789
1.0,1.2269382978252206,0.0,0.5737704918032789
1.005,1.2330729893143466,0.0,0.5737704918032789
1.01,1.2392076808034729,0.0,0.5737704918032789
1.015,1.2453423722925987,0.0,0.5737704918032789
1.02,1.251477063781725,0.0,0.5737704918032789
1.025,1.257611755270851,0.0,0.5737704918032789
1.03,1.2637464467599773,0.0,0.5737704918032789
1.035,1.269881138249103,0.0,0.5737704918032789
1.04,1.2760158297382294,0.0,0.5737704918032789
1.045,1.2821505212273554,0.0,0.5737704918032789
1.05,1.2882852127164817,0.0,0.5737704918032789
1.055,1.2944199042056077,0.0,0.5737704918032789
1.06,1.300554595694734,0.0,0.5737704918032789
1.065,1.3066892871838598,0.0,0.5737704918032789
1.07,1.312823978672986,0.0,0.5737704918032789
1.075,1.318958670162112,0.0,0.5737704918032789
1.08,1.3250933616512384,0.0,0.5737704918032789
1.085,1.3312280531403642,0.0,0.5737704918032789
1.09,1.3373627446294905,0.0,0.5737704918032789
1.095,1.3434974361186165,0.0,0.5737704918032789
1.1,1.3496321276077428,0.0,0.5737704918032789
1.105,1.3557668190968688,0.0,0.5737704918032789
1.11,1.3619015105859948,0.0,0.5737704918032789
1.115,1.3680362020751209,0.0,0.5737712554274377
1.12,1.3741708935642472,0.0,0.573776008649087
1.125,1.3803055850533732,0.0,0.5737860116423404
1.13,1.386440276542499,0.0,0.5738023439536868
1.135,1.3925749680316253,0.0,0.5738261275490387
1.14,1.3987096595207513,0.0,0.5738584750006357
1.145,1.4048443510098776,0.0,0.5739005735960003
1.15,1.4109790424990036,0.0,0.5739536162285912
1.155,1.41711373398813,0.0,0.5740188057087465
1.16,1.4232484254772557,0.0,0.5740973063107222
1.165,1.429383116966382,0.0,0.5741903292697559
1.17,1.435517808455508,0.0,0.5742990839717761
1.175,1.4416524999446343,0.0,0.5744247570003729
1.18,1.4477871914337601,0.0,0.5745685989276971
1.185,1.4539218829228864,0.0,0.5747318950518007
1.19,1.4600565744120124,0.0,0.5749159871366541
1.195,1.4661912659011387,0.0,0.5751222880360628
1.2,1.4723259573902647,0.0,0.5753522866815844
1.205,1.4784606488793908,0.0,0.5756075878356418
1.21,1.4845953403685168,0.0,0.5758898886605115
1.215,1.490730031857643,0.0,0.576201008791701
1.22,1.4968647233467691,0.0,0.5765428947382081
1.225,1.5029994148358954,0.0,0.5769176090881613
1.23,1.5091341063250212,0.0,0.5773273653994451
1.235,1.5152687978141475,0.0,0.5777744714962564
1.24,1.5214034893032735,0.0,0.5782613510092511
1.245,1.5275381807923998,0.0,0.5787904769953285
1.25,1.5336728722815258,0.0,0.5794209876538332
1.255,1.5398075637706516,0.0,0.5801950095714347
1.26,1.545942255259778,0.0,0.5810123833845805
1.265,1.552076946748904,0.0,0.5818706566716405
1.27,1.5582116382380302,0.0,0.5826956640517365
1.275,1.564346329727156,0.0,0.5833949331703072
1.28,1.5704810212162823,0.0,0.5839901210874702
1.285,1.5766157127054083,0.0,0.5844988529347093
1.29,1.5827504041945346,0.0,0.584934965444702
1.295,1.5888850956836607,0.0,0.5853093819907478
1.3,1.5950197871727867,0.0,0.5856308489595469
1.305,1.6011544786619127,0.0,0.5859064064721989
1.31,1.607289170151039,0.0,0.5861417363113979
1.315,1.613423861640165,0.0,0.5863414608671513
1.32,1.6195585531292913,0.0,0.5865093200155621
1.325,1.6256932446184171,0.0,0.5866483509988724
1.33,1.6318279361075434,0.0,0.5867609662250167
1.335,1.6379626275966694,0.0,0.5868490739561106
1.34,1.6440973190857957,0.0,0.586914144085459
1.345,1.6502320105749215,0.0,0.5869572307743468
1.35,1.6563667020640478,0.0,0.5869790507453756
1.355,1.6625013935531738,0.0,0.5869800933973573
1.36,1.6686360850423,0.0,0.5869613011415759
1.365,1.6747707765314261,0.0,0.5869226076680045
1.37,1.6809054680205524,0.0,0.5868634825345738
1.375,1.6870401595096782,0.0,0.5867831003490055
1.38,1.6931748509988043,0.0,0.5866803029692607
1.385,1.6993095424879305,0.0,0.5865535994334671
1.39,1.7054442339770566,0.0,0.5864010855202456
1.395,1.7115789254661826,0.0,0.5862204289192834
1.4,1.7177136169553087,0.0,0.5860087526074718
1.405,1.723848308444435,0.0,0.5857625675776065
1.41,1.729982999933561,0.0,0.5854776076902465
1.415,1.7361176914226872,0.0,0.5851486754160281
1.42,1.742252382911813,0.0,0.5847694397067023
1.425,1.7483870744009393,0.0,0.5843137558827298
1.43,1.7545217658900654,0.0,0.5836904295249059
1.435,1.7606564573791916,0.0,0.582982268486363
1.44,1.7667911488683175,0.0,0.5821775366976953
1.445,1.7729258403574437,0.0,0.5813181165513408
1.45,1.7790605318465698,0.0,0.5805270089950099
1.455,1.785195223335696,0.0,0.5798053543991935
1.46,1.791329914824822,0.0,0.5791485265945203
1.465,1.7974646063139483,0.0,0.5785518050452899
1.47,1.8035992978030742,0.0,0.578010550161982
1.475,1.8097339892922004,0.0,0.5775203132681703
1.48,1.8158686807813265,0.0,0.5770768464679238
1.485,1.8220033722704527,0.0,0.5766761464681422
1.49,1.8281380637595785,0.0,0.5763144746204276
1.495,1.8342727552487048,0.0,0.5759883870976038
1.5,1.8404074467378309,0.0,0.5756946807866766
1.505,1.846542138226957,0.0,0.5754304393026826
1.51,1.8526768297160832,0.0,0.5751929791255385
1.515,1.858811521205209,0.0,0.5749798617373592
1.52,1.8649462126943352,0.0,0.5747888616654824
1.525,1.8710809041834613,0.0,0.5746179529238585
1.53,1.8772155956725876,0.0,0.5744652916250279
1.535,1.8833502871617134,0.0,0.5743291995834027
1.54,1.8894849786508396,0.0,0.5742081559271267
1.545,1.8956196701399657,0.0,0.5741007704104727
1.55,1.901754361629092,0.0,0.5740057808549344
1.555,1.907889053118218,0.0,0.5739220306233359
1.56,1.9140237446073443,0.0,0.5738484705384599
1.565,1.92015843609647,0.0,0.5737841365704341
1.57,1.9262931275855963,0.0,0.5737704918032789
1.575,1.9324278190747224,0.0,0.5737704918032789
1.58,1.9385625105638487,0.0,0.5737704918032789
1.585,1.9446972020529745,0.0,0.5737704918032789
1.59,1.9508318935421007,0.0,0.5737704918032789
1.595,1.9569665850312268,0.0,0.5737704918032789
1.6,1.963101276520353,0.0,0.5737704918032789
1.605,1.969235968009479,0.0,0.5737704918032789
1.61,1.9753706594986051,0.0,0.5737704918032789
1.615,1.9815053509877312,0.0,0.5737704918032789
1.62,1.9876400424768574,0.0,0.5737704918032789
1.625,1.9937747339659835,0.0,0.5737704918032789
1.63,1.9999094254551093,0.0,0.5737704918032789
1.635,2.006044116944236,0.0,0.5737704918032789
1.64,2.0121788084333616,0.0,0.5737704918032789
1.645,2.018313499922488,0.0,0.5737704918032789
1.65,2.0244481914116137,0.0,0.5737704918032789
1.655,2.03058288290074,0.0,0.5737704918032789
1.66,2.0367175743898662,0.0,0.5737704918032789
1.665,2.0428522658789925,0.0,0.5737704918032789
1.67,2.0489869573681183,0.0,0.5737704918032789
1.675,2.0551216488572446,0.0,0.5737704918032789
1.68,2.0612563403463704,0.0,0.5737704918032789
1.685,2.0673910318354967,0.0,0.5737704918032789
1.69,2.0735257233246225,0.0,0.5737704918032789
1.695,2.0796604148137487,0.0,0.5737704918032789
1.7,2.085795106302875,0.0,0.5737704918032789
1.705,2.0919297977920013,0.0,0.5737704918032789
1.71,2.098064489281127,0.0,0.5737704918032789
1.715,2.1041991807702534,0.0,0.5737704918032789
1.72,2.110333872259379,0.0,0.5737704918032789
1.725,2.1164685637485054,0.0,0.5737704918032789
1.73,2.1226032552376317,0.0,0.5737704918032789
1.735,2.128737946726758,0.0,0.5737704918032789
1.74,2.134872638215884,0.0,0.5737704918032789
1.745,2.14100732970501,0.0,0.5737704918032789
1.75,2.147142021194136,0.0,0.5737704918032789
1.755,2.153276712683262,0.0,0.5737704918032789
1.76,2.1594114041723884,0.0,0.5737704918032789
1.765,2.1655460956615142,0.0,0.5737704918032789
1.77,2.1716807871506405,0.0,0.5737717837385159
1.775,2.1778154786397663,0.0,0.5737766710348051
1.78,2.1839501701288926,0.0,0.5737860247977756
1.785,2.1900848616180184,0.0,0.5738007325502147
1.79,2.1962195531071447,0.0,0.5738217158925342
1.795,2.202354244596271,0.0,0.5738499177175745
1.8,2.208488936085397,0.0,0.5738862906285468
1.805,2.214623627574523,0.0,0.5739317876773677
1.81,2.2207583190636493,0.0,0.5739873556889536
1.815,2.226893010552775,0.0,0.5740539238853498
1.82,2.2330277020419014,0.0,0.5741324059153357
1.825,2.2391623935310276,0.0,0.5742236966576045
1.83,2.245297085020154,0.0,0.5743286696158406
1.835,2.2514317765092797,0.0,0.5744481841192116
1.84,2.257566467998406,0.0,0.5745830774415153
1.845,2.263701159487532,0.0,0.5747341773191965
1.85,2.269835850976658,0.0,0.5749022848106611
1.855,2.2759705424657843,0.0,0.5750881926517649
1.86,2.28210523395491,0.0,0.5752926696820084
1.865,2.2882399254440364,0.0,0.5755164555338959
1.87,2.2943746169331627,0.0,0.5757602561429793
1.875,2.3005093084222885,0.0,0.5760247156249182
1.88,2.3066439999114143,0.0,0.5763104210771907
1.885,2.3127786914005406,0.0,0.57661784715482
1.89,2.318913382889667,0.0,0.5769473333029868
1.895,2.325048074378793,0.0,0.5772990557719223
1.9,2.331182765867919,0.0,0.5776729441515152
1.905,2.337317457357045,0.0,0.5780686597322472
1.91,2.343452148846171,0.0,0.5784854856993571
1.915,2.3495868403352973,0.0,0.578922272015746
1.92,2.3557215318244236,0.0,0.5794382577175714
1.925,2.36185622331355,0.0,0.5800269085286468
1.93,2.3679909148026757,0.0,0.5806222835601756
1.935,2.374125606291802,0.0,0.5812189014925467
1.94,2.3802602977809277,0.0,0.5818106380779845
1.945,2.386394989270054,0.0,0.5823699271416769
1.95,2.3925296807591803,0.0,0.5828463175725449
1.955,2.398664372248306,0.0,0.5832490176210428
1.96,2.4047990637374324,0.0,0.5835876491399908
1.965,2.4109337552265586,0.0,0.583869878022363
1.97,2.4170684467156844,0.0,0.5841017432291095
1.975,2.4232031382048107,0.0,0.584287998610081
1.98,2.4293378296939365,0.0,0.5844323083125771
1.985,2.435472521183063,0.0,0.584537427811192
1.99,2.441607212672189,0.0,0.5846053549145114
1.995,2.4477419041613153,0.0,0.5846373144914722
2.0,2.453876595650441,0.0,0.5846346039049588
2.005,2.460011287139567,0.0,0.5846001243024583
2.01,2.4661459786286932,0.0,0.584533760100283
2.015,2.4722806701178195,0.0,0.5844345996945514
2.02,2.4784153616069458,0.0,0.5843013271074938
2.025,2.4845500530960716,0.0,0.5841321729547279
2.03,2.4906847445851974,0.0,0.5839248109637027
2.035,2.496819436074324,0.0,0.583676389199522
2.04,2.50295412756345,0.0,0.5833811559605862
2.045,2.509088819052576,0.0,0.5829532127376891
2.05,2.515223510541702,0.0,0.5824588569779102
2.055,2.5213582020308283,0.0,0.5818916723254378
2.06,2.5274928935199545,0.0,0.5813002182926887
2.065,2.5336275850090804,0.0,0.5807222739555736
2.07,2.539762276498206,0.0,0.5801629591127099
2.075,2.545896967987333,0.0,0.5796261402986944
2.08,2.5520316594764587,0.0,0.579114636804127
2.085,2.558166350965585,0.0,0.578630276071854
2.09,2.564301042454711,0.0,0.5781741597651048
2.095,2.5704357339438375,0.0,0.5777466893063157
2.1,2.5765704254329633,0.0,0.577347780911942
2.105,2.582705116922089,0.0,0.5769769535244079
2.11,2.5888398084112154,0.0,0.5766334167066608
2.115,2.5949744999003417,0.0,0.5763161736514216
2.12,2.601109191389468,0.0,0.576024039019385
2.125,2.6072438828785938,0.0,0.5757557674997018
2.13,2.6133785743677196,0.0,0.5755100269563028
2.135,2.619513265856846,0.0,0.5752854887785059
2.14,2.625647957345972,0.0,0.5750808103090452
2.145,2.631782648835098,0.0,0.5748946850740206
2.15,2.637917340324224,0.0,0.5747258345902246
2.155,2.64405203181335,0.0,0.574573030187197
2.16,2.6501867233024767,0.0,0.5744350971416301
2.165,2.6563214147916026,0.0,0.5743109160319343
2.17,2.6624561062807284,0.0,0.5741994315577363
2.175,2.6685907977698546,0.0,0.5740996409795703
2.18,2.674725489258981,0.0,0.5740106084988739
2.185,2.680860180748107,0.0,0.5739314479422314
2.19,2.686994872237233,0.0,0.5738613330025181
2.195,2.693129563726359,0.0,0.5737994855536672
2.2,2.6992642552154855,0.0,0.5737704918032789
2.205,2.7053989467046113,0.0,0.5737704918032789
2.21,2.7115336381937376,0.0,0.5737704918032789
2.215,2.7176683296828634,0.0,0.5737704918032789
2.22,2.7238030211719897,0.0,0.5737704918032789
2.225,2.729937712661116,0.0,0.5737704918032789
2.23,2.7360724041502418,0.0,0.5737704918032789
2.235,2.742207095639368,0.0,0.5737704918032789
2.24,2.7483417871284943,0.0,0.5737704918032789
2.245,2.75447647861762,0.0,0.5737704918032789
2.25,2.7606111701067464,0.0,0.5737704918032789
2.255,2.766745861595872,0.0,0.5737704918032789
2.26,2.772880553084998,0.0,0.5737704918032789
2.265,2.7790152445741247,0.0,0.5737704918032789
2.27,2.7851499360632506,0.0,0.5737704918032789
2.275,2.791284627552377,0.0,0.5737704918032789
2.28,2.7974193190415026,0.0,0.5737704918032789
2.285,2.8035540105306294,0.0,0.5737704918032789
2.29,2.809688702019755,0.0,0.5737704918032789
2.295,2.815823393508881,0.0,0.5737704918032789
2.3,2.8219580849980073,0.0,0.5737704918032789
2.305,2.8280927764871335,0.0,0.5737704918032789
2.31,2.83422746797626,0.0,0.5737704918032789
2.315,2.8403621594653856,0.0,0.5737704918032789
2.32,2.8464968509545114,0.0,0.5737704918032789
2.325,2.852631542443638,0.0,0.5737704918032789
2.33,2.858766233932764,0.0,0.5737704918032789
2.335,2.86490092542189,0.0,0.5737704918032789
2.34,2.871035616911016,0.0,0.5737704918032789
2.345,2.8771703084001423,0.0,0.5737704918032789
2.35,2.8833049998892686,0.0,0.5737704918032789
2.355,2.8894396913783944,0.0,0.5737704918032789
2.36,2.8955743828675202,0.0,0.5737704918032789
2.365,2.901709074356647,0.0,0.5737704918032789
2.37,2.9078437658457728,0.0,0.5737704918032789
2.375,2.913978457334899,0.0,0.5737704918032789
2.38,2.920113148824025,0.0,0.5737704918032789
2.385,2.9262478403131507,0.0,0.5737704918032789
2.39,2.9323825318022774,0.0,0.5737715105866106
2.395,2.938517223291403,0.0,0.5737753807821068
2.4,2.9446519147805295,0.0,0.5737828781153166
2.405,2.9507866062696553,0.0,0.57379474020867
2.41,2.9569212977587815,0.0,0.5738117357977255
2.415,2.963055989247908,0.0,0.5738346536174279
2.42,2.9691906807370336,0.0,0.5738642895000508
2.425,2.9753253722261594,0.0,0.5739014353052821
2.43,2.981460063715286,0.0,0.57394686856885
2.435,2.987594755204412,0.0,0.5740013439577484
2.44,2.9937294466935382,0.0,0.5740655851039055
2.445,2.999864138182664,0.0,0.5741402788337038
2.45,3.0059988296717908,0.0,0.5742260722273274
2.455,3.0121335211609166,0.0,0.5743235613404342
2.46,3.0182682126500424,0.0,0.5744332951896457
2.465,3.0244029041391687,0.0,0.5745557649632559
2.47,3.030537595628295,0.0,0.5746914015324509
2.475,3.036672287117421,0.0,0.5748405749342543
2.48,3.042806978606547,0.0,0.575003570230624
2.485,3.048941670095673,0.0,0.5751805951714482
2.49,3.0550763615847996,0.0,0.5753717529538052
2.495,3.0612110530739254,0.0,0.5755770344608051
2.5,3.0673457445630516,0.0,0.5757963075005604
2.505,3.0734804360521775,0.0,0.5760292666668972
2.51,3.0796151275413033,0.0,0.5762754313886972
2.515,3.08574981903043,0.0,0.5765341267927496
2.52,3.091884510519556,0.0,0.5768044241343355
2.525,3.0980192020086816,0.0,0.5770851267479593
2.53,3.104153893497808,0.0,0.5773747223536068
2.535,3.110288584986934,0.0,0.5776713782475995
2.54,3.1164232764760604,0.0,0.5779728767447829
2.545,3.1225579679651863,0.0,0.5782766410251063
2.55,3.128692659454312,0.0,0.5785797139538295
2.555,3.134827350943439,0.0,0.5788787508976998
2.56,3.1409620424325646,0.0,0.5791777380652209
2.565,3.147096733921691,0.0,0.5795307199718462
2.57,3.1532314254108167,0.0,0.5798608182325855
2.575,3.1593661168999434,0.0,0.580163169967958
2.58,3.165500808389069,0.0,0.5804331250308995
2.585,3.171635499878195,0.0,0.5806663468322347
2.59,3.1777701913673213,0.0,0.5808589036968893
2.595,3.1839048828564476,0.0,0.5810074752818871
2.6,3.1900395743455734,0.0,0.5811094008557071
2.605,3.1961742658346997,0.0,0.5811628496776142
2.61,3.2023089573238255,0.0,0.5811678482153815
2.615,3.208443648812952,0.0,0.5811328195870377
2.62,3.214578340302078,0.0,0.5810602598728069
2.625,3.220713031791204,0.0,0.5809441484608332
2.63,3.22684772328033,0.0,0.5807675924953735
2.635,3.232982414769456,0.0,0.5805538870535285
2.64,3.2391171062585826,0.0,0.5803078204958316
2.645,3.2452517977477084,0.0,0.5800345493921647
2.65,3.2513864892368343,0.0,0.5797394444355951
2.655,3.2575211807259605,0.0,0.5794278477558583
2.66,3.263655872215087,0.0,0.579104900183062
2.665,3.269790563704213,0.0,0.5787754131551963
2.67,3.275925255193339,0.0,0.5784437485217754
2.675,3.2820599466824647,0.0,0.5781137708294104
2.68,3.2881946381715914,0.0,0.5777887908183887
2.685,3.2943293296607172,0.0,0.5774716044266731
2.69,3.300464021149843,0.0,0.5771644473841535
2.695,3.3065987126389693,0.0,0.5768691076457585
2.7,3.3127334041280956,0.0,0.5765869077039352
2.705,3.318868095617222,0.0,0.5763187908163071
2.71,3.3250027871063477,0.0,0.5760653607828158
2.715,3.3311374785954735,0.0,0.5758269239302458
2.72,3.3372721700846,0.0,0.5756035622148495
2.725,3.343406861573726,0.0,0.5753951492935703
2.73,3.3495415530628523,0.0,0.5752014250715672
2.735,3.355676244551978,0.0,0.5750219804337117
2.74,3.361810936041105,0.0,0.5748563377445461
2.745,3.3679456275302306,0.0,0.5747039435299763
2.75,3.3740803190193565,0.0,0.5745641961005793
2.755,3.3802150105084827,0.0,0.5744364661656015
2.76,3.3863497019976085,0.0,0.574320105345562
2.765,3.392484393486735,0.0,0.5742144599041199
2.77,3.398619084975861,0.0,0.5741188737846036
2.775,3.404753776464987,0.0,0.5740327060582219
2.78,3.410888467954113,0.0,0.5739553207779287
2.785,3.4170231594432394,0.0,0.5738861054097047
2.79,3.4231578509323652,0.0,0.5738244591684805
2.795,3.4292925424214915,0.0,0.5737704918032789
2.8,3.4354272339106173,0.0,0.5737704918032789
2.805,3.441561925399744,0.0,0.5737704918032789
2.81,3.44769661688887,0.0,0.5737704918032789
2.815,3.4538313083779957,0.0,0.5737704918032789
2.82,3.459965999867122,0.0,0.5737704918032789
2.825,3.466100691356248,0.0,0.5737704918032789
2.83,3.4722353828453745,0.0,0.5737704918032789
2.835,3.4783700743345003,0.0,0.5737704918032789
2.84,3.484504765823626,0.0,0.5737704918032789
2.845,3.490639457312753,0.0,0.5737704918032789
2.85,3.4967741488018786,0.0,0.5737704918032789
2.855,3.502908840291005,0.0,0.5737704918032789
2.86,3.5090435317801307,0.0,0.5737704918032789
2.865,3.515178223269257,0.0,0.5737704918032789
2.87,3.5213129147583833,0.0,0.5737704918032789
2.875,3.527447606247509,0.0,0.5737704918032789
2.88,3.533582297736635,0.0,0.5737704918032789
2.885,3.539716989225761,0.0,0.5737704918032789
2.89,3.5458516807148874,0.0,0.5737704918032789
2.895,3.5519863722040137,0.0,0.5737704918032789
2.9,3.5581210636931395,0.0,0.5737704918032789
2.905,3.5642557551822653,0.0,0.5737704918032789
2.91,3.570390446671392,0.0,0.5737704918032789
2.915,3.576525138160518,0.0,0.5737704918032789
2.92,3.582659829649644,0.0,0.5737704918032789
2.925,3.58879452113877,0.0,0.5737704918032789
2.93,3.5949292126278967,0.0,0.5737704918032789
2.935,3.6010639041170225,0.0,0.5737704918032789
2.94,3.6071985956061483,0.0,0.5737704918032789
2.945,3.6133332870952746,0.0,0.5737704918032789
2.95,3.619467978584401,0.0,0.5737704918032789
2.955,3.6256026700735267,0.0,0.5737704918032789
2.96,3.631737361562653,0.0,0.5737704918032789
2.965,3.6378720530517787,0.0,0.5737704918032789
2.97,3.6440067445409055,0.0,0.5737704918032789
2.975,3.6501414360300313,0.0,0.5737706443974803
2.98,3.656276127519157,0.0,0.573772274132473
2.985,3.6624108190082834,0.0,0.573776503675593
2.99,3.6685455104974096,0.0,0.5737839768414275
2.995,3.674680201986536,0.0,0.5737953343692679
3.0,3.6808148934756617,0.0,0.5738112410834322
3.005,3.6869495849647875,0.0,0.5738323757058122
3.01,3.693084276453914,0.0,0.573859418154817
3.015,3.69921896794304,0.0,0.5738930382275892
3.02,3.7053536594321663,0.0,0.5739338864917249
3.025,3.711488350921292,0.0,0.5739825797489673
3.03,3.717623042410418,0.0,0.5740396969280769
3.035,3.7237577338995447,0.0,0.5741057661809095
3.04,3.7298924253886705,0.0,0.5741812589438912
3.045,3.7360271168777968,0.0,0.5742665863077067
3.05,3.7421618083669226,0.0,0.5743620828028408
3.055,3.748296499856049,0.0,0.5744680107482637
3.06,3.754431191345175,0.0,0.5745845425291489
3.065,3.760565882834301,0.0,0.5747117563408725
3.07,3.7667005743234268,0.0,0.5748496298874407
3.075,3.7728352658125535,0.0,0.5749980212984371
3.08,3.7789699573016793,0.0,0.5751566737019566
3.085,3.7851046487908055,0.0,0.5753251799841786
3.09,3.7912393402799314,0.0,0.5755029854066229
3.095,3.797374031769058,0.0,0.5756893815434607
3.1,3.803508723258184,0.0,0.5758834553159916
3.105,3.8096434147473097,0.0,0.5760841243263947
3.11,3.815778106236436,0.0,0.5762900809197561
3.115,3.8219127977255622,0.0,0.5764998077044767
3.12,3.8280474892146885,0.0,0.5767115615155195
3.125,3.8341821807038143,0.0,0.5769233703538859
3.13,3.84031687219294,0.0,0.5771330707473061
3.135,3.8464515636820664,0.0,0.5773382695514948
3.14,3.8525862551711927,0.0,0.5775364423466381
3.145,3.8587209466603185,0.0,0.5777249403221542
3.15,3.8648556381494448,0.0,0.5779010402547309
3.155,3.8709903296385706,0.0,0.5780620364421869
3.16,3.8771250211276973,0.0,0.5782052823565365
3.165,3.883259712616823,0.0,0.5783283289216261
3.17,3.889394404105949,0.0,0.5784289350081778
3.175,3.895529095595075,0.0,0.5785052350460889
3.18,3.9016637870842015,0.0,0.5785557579087073
3.185,3.9077984785733277,0.0,0.5785795088267064
3.19,3.9139331700624536,0.0,0.5785756887428145
3.195,3.9200678615515794,0.0,0.5785430351714792
3.2,3.926202553040706,0.0,0.5784821282115739
3.205,3.932337244529832,0.0,0.5783942534800386
3.21,3.938471936018958,0.0,0.5782812768657336
3.215,3.944606627508084,0.0,0.5781454927676871
3.22,3.9507413189972103,0.0,0.5779895584390449
3.225,3.9568760104863365,0.0,0.5778163753291506
3.23,3.9630107019754623,0.0,0.577628976168187
3.235,3.9691453934645886,0.0,0.5774304516151957
3.24,3.975280084953715,0.0,0.5772237958002019
3.245,3.9814147764428407,0.0,0.5770119017196017
3.25,3.987549467931967,0.0,0.5767974214680094
3.255,3.993684159421093,0.0,0.5765827806616104
3.26,3.9998188509102186,0.0,0.5763701192491378
3.265,4.005953542399345,0.0,0.5761613011747929
3.27,4.012088233888472,0.0,0.5759578961362114
3.275,4.018222925377597,0.0,0.5757611897229385
3.28,4.024357616866723,0.0,0.5755722163453781
3.285,4.03049230835585,0.0,0.5753917533832283
3.29,4.036626999844976,0.0,0.5752203734269106
3.295,4.042761691334102,0.0,0.5750584447429445
3.3,4.048896382823227,0.0,0.5749061874002124
3.305,4.055031074312354,0.0,0.5747636649231282
3.31,4.06116576580148,0.0,0.5746308327433125
3.315,4.067300457290606,0.0,0.5745075426778845
3.32,4.0734351487797325,0.0,0.5743935724546341
3.325,4.079569840268858,0.0,0.5742886392862108
3.33,4.085704531757985,0.0,0.574192403167486
3.335,4.091839223247111,0.0,0.5741044977831112
3.34,4.097973914736237,0.0,0.5740245231434914
3.345,4.104108606225363,0.0,0.573952068360894
3.35,4.110243297714489,0.0,0.5738867045346514
3.355,4.116377989203615,0.0,0.5738280021861335
3.36,4.122512680692741,0.0,0.5737755273539219
3.365,4.1286473721818675,0.0,0.5737704918032789
3.37,4.134782063670993,0.0,0.5737704918032789
3.375,4.140916755160119,0.0,0.5737704918032789
3.38,4.147051446649245,0.0,0.5737704918032789
3.385,4.153186138138372,0.0,0.5737704918032789
3.39,4.1593208296274975,0.0,0.5737704918032789
3.395,4.165455521116624,0.0,0.5737704918032789
3.4,4.17159021260575,0.0,0.5737704918032789
3.405,4.177724904094876,0.0,0.5737704918032789
3.41,4.1838595955840026,0.0,0.5737704918032789
3.415,4.189994287073128,0.0,0.5737704918032789
3.42,4.196128978562254,0.0,0.5737704918032789
3.425,4.20226367005138,0.0,0.5737704918032789
3.43,4.208398361540507,0.0,0.5737704918032789
3.435,4.2145330530296325,0.0,0.5737704918032789
3.44,4.220667744518758,0.0,0.5737704918032789
3.445,4.226802436007885,0.0,0.5737704918032789
3.45,4.232937127497011,0.0,0.5737704918032789
3.455,4.239071818986137,0.0,0.5737704918032789
3.46,4.245206510475263,0.0,0.5737704918032789
3.465,4.251341201964389,0.0,0.5737704918032789
3.47,4.257475893453516,0.0,0.5737704918032789
3.475,4.263610584942642,0.0,0.5737704918032789
3.48,4.269745276431768,0.0,0.5737704918032789
3.485,4.275879967920893,0.0,0.5737704918032789
3.49,4.28201465941002,0.0,0.5737704918032789
3.495,4.288149350899146,0.0,0.5737704918032789
3.5,4.294284042388272,0.0,0.5737704918032789
3.505,4.300418733877398,0.0,0.5737704918032789
3.51,4.306553425366524,0.0,0.5737704918032789
3.515,4.31268811685565,0.0,0.5737704918032789
3.52,4.318822808344777,0.0,0.5737704918032789
3.525,4.324957499833903,0.0,0.5737704918032789
3.53,4.3310921913230285,0.0,0.5737710525442432
3.535,4.337226882812155,0.0,0.5737730187336941
3.54,4.343361574301281,0.0,0.5737771893036824
3.545,4.349496265790407,0.0,0.5737841321130104
3.55,4.355630957279533,0.0,0.5737944021953673
3.555,4.361765648768659,0.0,0.5738085774461688
3.56,4.367900340257785,0.0,0.573827247054404
3.565,4.374035031746911,0.0,0.5738510018042339
3.57,4.380169723236037,0.0,0.5738804219792234
3.575,4.3863044147251635,0.0,0.5739160654764327
3.58,4.392439106214289,0.0,0.573958458884033
3.585,4.398573797703416,0.0,0.5740080825012354
3.59,4.404708489192542,0.0,0.5740653673881736
3.595,4.410843180681669,0.0,0.5741306805479255
3.6,4.416977872170794,0.0,0.5742043195840315
3.605,4.42311256365992,0.0,0.5742865074390182
3.61,4.429247255149046,0.0,0.574377374807886
3.615,4.435381946638173,0.0,0.5744769660995047
3.62,4.441516638127299,0.0,0.5745852165514137
3.625,4.447651329616424,0.0,0.5747019545222006
3.63,4.45378602110555,0.0,0.5748268893899297
3.635,4.459920712594677,0.0,0.5749595977445434
3.64,4.466055404083803,0.0,0.5750995285157673
3.645,4.472190095572929,0.0,0.5752459687160391
3.65,4.478324787062055,0.0,0.5753980634581236
3.655,4.484459478551181,0.0,0.5755547960491941
3.66,4.490594170040308,0.0,0.575714977228396
3.665,4.496728861529434,0.0,0.5758772695926777
3.67,4.5028635530185595,0.0,0.5760401583664126
3.675,4.508998244507685,0.0,0.5762019904598378
3.68,4.515132935996812,0.0,0.576360960942705
3.685,4.521267627485938,0.0,0.5765151571332221
3.69,4.527402318975064,0.0,0.5766625995939001
3.695,4.533537010464189,0.0,0.5768012230486224
3.7,4.539671701953316,0.0,0.5769290150870946
3.705,4.545806393442442,0.0,0.5770439802394587
3.71,4.551941084931569,0.0,0.5771442551390613
3.715,4.5580757764206945,0.0,0.5772281394803562
3.72,4.56421046790982,0.0,0.5772941561247266
3.725,4.570345159398947,0.0,0.5773411246905917
3.73,4.576479850888073,0.0,0.5773681709029587
3.735,4.582614542377199,0.0,0.5773747926927117
3.74,4.588749233866325,0.0,0.577360187984062
3.745,4.594883925355451,0.0,0.5773243186612208
3.75,4.601018616844577,0.0,0.57726790169799
3.755,4.607153308333703,0.0,0.577192073746654
3.76,4.613287999822829,0.0,0.577098323441804
3.765,4.619422691311955,0.0,0.5769884070677141
3.77,4.625557382801081,0.0,0.5768643255125617
3.775,4.631692074290208,0.0,0.5767282185148678
3.78,4.637826765779334,0.0,0.5765823131420365
3.785,4.64396145726846,0.0,0.5764288314198417
3.79,4.650096148757586,0.0,0.5762699550270238
3.795,4.656230840246712,0.0,0.5761077430999673
3.8,4.662365531735838,0.0,0.5759441102452436
3.805,4.668500223224965,0.0,0.5757808155691829
3.81,4.67463491471409,0.0,0.5756193974885275
3.815,4.680769606203216,0.0,0.5754612148253608
3.82,4.686904297692342,0.0,0.5753073910716776
3.825,4.693038989181469,0.0,0.5751588808531577
3.83,4.699173680670595,0.0,0.5750164241788386
3.835,4.70530837215972,0.0,0.5748806084576578
3.84,4.711443063648847,0.0,0.574751849143989
3.845,4.717577755137973,0.0,0.5746304249876842
3.85,4.7237124466271,0.0,0.5745164964532932
3.855,4.7298471381162255,0.0,0.574410106351592
3.86,4.735981829605351,0.0,0.5743112209474589
3.865,4.742116521094478,0.0,0.5742197185245025
3.87,4.748251212583604,0.0,0.5741354275375875
3.875,4.75438590407273,0.0,0.5740581154673888
3.88,4.7605205955618555,0.0,0.5739875203410759
3.885,4.766655287050981,0.0,0.5739233430019487
3.89,4.772789978540108,0.0,0.5738652641814302
3.895,4.778924670029234,0.0,0.5738129488140088
3.9,4.7850593615183605,0.0,0.5737704918032789
3.905,4.791194053007486,0.0,0.5737704918032789
3.91,4.797328744496612,0.0,0.5737704918032789
3.915,4.803463435985739,0.0,0.5737704918032789
3.92,4.809598127474865,0.0,0.5737704918032789
3.925,4.8157328189639905,0.0,0.5737704918032789
3.93,4.821867510453117,0.0,0.5737704918032789
3.935,4.828002201942243,0.0,0.5737704918032789
3.94,4.834136893431369,0.0,0.5737704918032789
3.945,4.840271584920495,0.0,0.5737704918032789
3.95,4.846406276409621,0.0,0.5737704918032789
3.955,4.852540967898747,0.0,0.5737704918032789
3.96,4.858675659387873,0.0,0.5737704918032789
3.965,4.864810350877,0.0,0.5737704918032789
3.97,4.870945042366126,0.0,0.5737704918032789
3.975,4.877079733855252,0.0,0.5737704918032789
3.98,4.883214425344378,0.0,0.5737704918032789
3.985,4.889349116833504,0.0,0.5737704918032789
3.99,4.895483808322631,0.0,0.5737704918032789
3.995,4.9016184998117565,0.0,0.5737704918032789
4.0,4.907753191300882,0.0,0.5737704918032789
4.005,4.913887882790008,0.0,0.5737704918032789
4.01,4.920022574279134,0.0,0.5737704918032789
4.015,4.926157265768261,0.0,0.5737704918032789
4.02,4.9322919572573864,0.0,0.5737704918032789
4.025,4.938426648746513,0.0,0.5737704918032789
4.03,4.944561340235639,0.0,0.5737704918032789
4.035,4.950696031724765,0.0,0.5737704918032789
4.04,4.9568307232138915,0.0,0.5737705046645662
4.045,4.962965414703017,0.0,0.5737709633787933
4.05,4.969100106192143,0.0,0.5737722518141424
4.055,4.975234797681269,0.0,0.5737746635941556
4.06,4.981369489170395,0.0,0.5737788362295967
4.065,4.987504180659522,0.0,0.5737852821267635
4.07,4.993638872148648,0.0,0.5737944773844416
4.075,4.999773563637774,0.0,0.5738069222624211
4.08,5.0059082551269,0.0,0.5738231332465171
4.085,5.012042946616026,0.0,0.573843629989139
4.09,5.018177638105152,0.0,0.5738689270080527
4.095,5.024312329594278,0.0,0.5738995204124003
4.1,5.030447021083404,0.0,0.5739358765160495
4.105,5.036581712572531,0.0,0.5739784238260665
4.11,5.0427164040616566,0.0,0.5740275355027942
4.115,5.048851095550783,0.0,0.5740835278219367
4.12,5.054985787039909,0.0,0.5741466411725796
4.125,5.061120478529035,0.0,0.5742170357754568
4.13,5.067255170018161,0.0,0.574294786853322
4.135,5.0733898615072865,0.0,0.5743798664962356
4.14,5.079524552996412,0.0,0.5744721494311187
4.145,5.085659244485539,0.0,0.5745713867092686
4.15,5.091793935974666,0.0,0.5746772167434558
4.155,5.097928627463792,0.0,0.5747891498892644
4.16,5.104063318952917,0.0,0.5749065590939092
4.165,5.110198010442044,0.0,0.5750286901026165
4.17,5.11633270193117,0.0,0.5751546376729582
4.175,5.122467393420296,0.0,0.5752833707361797
4.18,5.128602084909422,0.0,0.5754137137116785
4.185,5.134736776398547,0.0,0.5755443609470554
4.19,5.140871467887675,0.0,0.575673905965971
4.195,5.147006159376801,0.0,0.5758008143571264
4.2,5.153140850865927,0.0,0.5759234969647197
4.205,5.1592755423550525,0.0,0.5760402918797063
4.21,5.165410233844178,0.0,0.5761495366222149
4.215,5.171544925333304,0.0,0.5762495824062758
4.22,5.177679616822431,0.0,0.5763388423464394
4.225,5.183814308311557,0.0,0.5764158652328111
4.23,5.189948999800683,0.0,0.5764793178847774
4.235,5.196083691289809,0.0,0.5765280936895046
4.24,5.202218382778936,0.0,0.576561312098764
4.245,5.208353074268062,0.0,0.5765783674220507
4.25,5.2144877657571875,0.0,0.5765788873556654
4.255,5.220622457246313,0.0,0.5765624078671436
4.26,5.226757148735439,0.0,0.5765291788884511
4.265,5.232891840224565,0.0,0.5764798492513983
4.27,5.239026531713692,0.0,0.5764153865438814
4.275,5.245161223202818,0.0,0.5763370092186614
4.28,5.251295914691944,0.0,0.5762461666972689
4.285,5.25743060618107,0.0,0.5761444520951375
4.29,5.263565297670196,0.0,0.5760335764708959
4.295,5.269699989159323,0.0,0.5759152952988138
4.3,5.275834680648448,0.0,0.5757913586833894
4.305,5.281969372137574,0.0,0.5756634933116197
4.31,5.2881040636267,0.0,0.5755333087640556
4.315,5.294238755115828,0.0,0.5754023307017979
4.32,5.3003734466049535,0.0,0.5752719162519929
4.325,5.306508138094079,0.0,0.5751432898876797
4.33,5.312642829583205,0.0,0.5750175022001875
4.335,5.318777521072331,0.0,0.5748954510418537
4.34,5.324912212561457,0.0,0.5747778805439984
4.345,5.3310469040505835,0.0,0.5746653729107924
4.35,5.337181595539709,0.0,0.5745583858208017
4.355,5.343316287028836,0.0,0.5744572330077126
4.36,5.349450978517962,0.0,0.5743621321775468
4.365,5.355585670007088,0.0,0.5742731848153425
4.37,5.361720361496214,0.0,0.5741904201033384
4.375,5.36785505298534,0.0,0.5741137848727258
4.38,5.373989744474466,0.0,0.5740431681254035
4.385,5.380124435963592,0.0,0.5739784089689018
4.39,5.386259127452718,0.0,0.573919301390353
4.395,5.392393818941843,0.0,0.5738656141169347
4.4,5.398528510430971,0.0,0.5738170812704749
4.405,5.404663201920097,0.0,0.5737734285994684
4.41,5.410797893409223,0.0,0.5737704918032789
4.415,5.4169325848983485,0.0,0.5737704918032789
4.42,5.423067276387475,0.0,0.5737704918032789
4.425,5.429201967876601,0.0,0.5737704918032789
4.43,5.435336659365727,0.0,0.5737704918032789
4.435,5.441471350854853,0.0,0.5737704918032789
4.44,5.447606042343979,0.0,0.5737704918032789
4.445,5.453740733833106,0.0,0.5737704918032789
4.45,5.459875425322232,0.0,0.5737704918032789
4.455,5.466010116811358,0.0,0.5737704918032789
4.46,5.4721448083004836,0.0,0.5737704918032789
4.465,5.478279499789609,0.0,0.5737704918032789
4.47,5.484414191278736,0.0,0.5737704918032789
4.475,5.490548882767862,0.0,0.5737704918032789
4.48,5.496683574256989,0.0,0.5737704918032789
4.485,5.502818265746114,0.0,0.5737704918032789
4.49,5.50895295723524,0.0,0.5737704918032789
4.495,5.515087648724367,0.0,0.5737704918032789
4.5,5.521222340213493,0.0,0.5737704918032789
4.505,5.527357031702619,0.0,0.5737704918032789
4.51,5.533491723191744,0.0,0.57377049192689
4.515,5.53962641468087,0.0,0.5737705592511313
4.52,5.545761106169996,0.0,0.573770819043392
4.525,5.551895797659124,0.0,0.5737713921468356
4.53,5.5580304891482495,0.0,0.5737724264840781
4.535,5.564165180637375,0.0,0.5737740981167107
4.54,5.570299872126501,0.0,0.573776611697181
4.545,5.576434563615628,0.0,0.5737803097597224
4.55,5.582569255104754,0.0,0.5737857285963608
4.555,5.5887039465938795,0.0,0.5737932704599773
4.56,5.594838638083005,0.0,0.5738033602415865
4.565,5.600973329572132,0.0,0.5738164437621507
4.57,5.607108021061259,0.0,0.5738329799413134
4.575,5.6132427125503845,0.0,0.5738534295788965
4.58,5.61937740403951,0.0,0.5738782460273214
4.585,5.625512095528636,0.0,0.5739078610342122
4.59,5.631646787017762,0.0,0.5739426752225636
4.595,5.637781478506888,0.0,0.5739830466175861
4.6,5.6439161699960145,0.0,0.5740292763567991
4.605,5.650050861485141,0.0,0.5740816026358322
4.61,5.656185552974267,0.0,0.5741401831542972
4.615,5.662320244463393,0.0,0.5742050931584917
4.62,5.66845493595252,0.0,0.5742763131355694
4.625,5.674589627441645,0.0,0.5743537157990738
4.63,5.680724318930771,0.0,0.5744370709473471
4.635,5.686859010419897,0.0,0.574526023928341
4.64,5.692993701909023,0.0,0.5746201058434572
4.645,5.699128393398149,0.0,0.5747187193919533
4.65,5.705263084887276,0.0,0.5748211397012177
4.655,5.711397776376402,0.0,0.5749265241406999
4.66,5.717532467865528,0.0,0.5750338942659552
4.665,5.723667159354654,0.0,0.57514216866178
4.67,5.72980185084378,0.0,0.575250148464232
4.675,5.735936542332906,0.0,0.5753565474014539
4.68,5.742071233822032,0.0,0.5754600063000592
4.685,5.748205925311158,0.0,0.5755591076293284
4.69,5.754340616800285,0.0,0.5756524348379197
4.695,5.760475308289411,0.0,0.5757385537302903
4.7,5.766609999778537,0.0,0.5758160999907058
4.705,5.772744691267663,0.0,0.5758837796391508
4.71,5.778879382756789,0.0,0.5759404315516684
4.715,5.785014074245915,0.0,0.5759850659711323
4.72,5.7911487657350404,0.0,0.5760168577209774
4.725,5.797283457224167,0.0,0.5760352362562623
4.73,5.803418148713294,0.0,0.576039847115915
4.735,5.80955284020242,0.0,0.5760303845371445
4.74,5.8156875316915455,0.0,0.576006901846078
4.745,5.821822223180671,0.0,0.5759698609411894
4.75,5.827956914669798,0.0,0.5759199850180359
4.755,5.834091606158924,0.0,0.5758582226286487
4.76,5.84022629764805,0.0,0.5757857317842456
4.765,5.8463609891371755,0.0,0.5757037832655145
4.77,5.852495680626301,0.0,0.5756137865420141
4.775,5.858630372115429,0.0,0.5755171806671796
4.78,5.864765063604555,0.0,0.5754154430238823
4.785,5.870899755093681,0.0,0.5753100140985911
4.79,5.877034446582806,0.0,0.5752022790439417
4.795,5.883169138071932,0.0,0.5750935432529846
4.8,5.889303829561059,0.0,0.5749849864471772
4.805,5.895438521050185,0.0,0.5748776929015073
4.81,5.9015732125393106,0.0,0.5747725907711406
4.815,5.907707904028437,0.0,0.5746704947677393
4.82,5.913842595517563,0.0,0.5745720639606959
4.825,5.91997728700669,0.0,0.5744778469716583
4.83,5.926111978495816,0.0,0.5743882611833293
4.835,5.932246669984941,0.0,0.5743036117278212
4.84,5.938381361474067,0.0,0.5742241075186569
4.845,5.944516052963193,0.0,0.5741498550405081
4.85,5.950650744452319,0.0,0.5740808950689158
4.855,5.9567854359414465,0.0,0.5740171874827499
4.86,5.962920127430572,0.0,0.5739586469725381
4.865,5.969054818919698,0.0,0.57390512816794
4.87,5.975189510408824,0.0,0.5738564556472923
4.875,5.981324201897951,0.0,0.5738124192184398
4.88,5.9874588933870765,0.0,0.5737727872008986
4.885,5.993593584876202,0.0,0.5737704918032789
4.89,5.999728276365328,0.0,0.5737704918032789
4.895,6.005862967854454,0.0,0.5737704918032789
4.9,6.0119976593435815,0.0,0.5737704918032789
4.905,6.018132350832707,0.0,0.5737704918032789
4.91,6.024267042321833,0.0,0.5737704918032789
4.915,6.030401733810959,0.0,0.5737704918032789
4.92,6.036536425300085,0.0,0.5737704918032789
4.925,6.042671116789211,0.0,0.5737704918032789
4.93,6.048805808278337,0.0,0.5737704918032789
4.935,6.054940499767463,0.0,0.5737704918032789
4.94,6.06107519125659,0.0,0.5737704918032789
4.945,6.067209882745716,0.0,0.5737704918032789
4.95,6.073344574234842,0.0,0.5737704918032789
4.955,6.079479265723968,0.0,0.5737704918032789
4.96,6.085613957213094,0.0,0.5737705132894393
4.965,6.09174864870222,0.0,0.5737707275408289
4.97,6.097883340191346,0.0,0.5737711948135608
4.975,6.1040180316804715,0.0,0.573771968069687
4.98,6.110152723169599,0.0,0.5737731274689505
4.985,6.116287414658725,0.0,0.5737747814786223
4.99,6.122422106147851,0.0,0.5737770662138828
4.995,6.128556797636977,0.0,0.5737801460962028
5.0,6.134691489126103,0.0,0.5737842633277754
5.005,6.140826180615229,0.0,0.5737898534456063
5.01,6.146960872104355,0.0,0.5737972693584749
5.015,6.153095563593481,0.0,0.5738068780526063
5.02,6.159230255082607,0.0,0.5738190694379853
5.025,6.165364946571734,0.0,0.573834248020847
5.03,6.17149963806086,0.0,0.5738528216142854
5.035,6.177634329549986,0.0,0.5738751950311405
5.04,6.183769021039112,0.0,0.5739017523567086
5.045,6.1899037125282375,0.0,0.5739328519561729
5.05,6.196038404017363,0.0,0.5739688101763581
5.055,6.20217309550649,0.0,0.5740098867561618
5.06,6.208307786995616,0.0,0.5740562794040447
5.065,6.2144424784847425,0.0,0.5741081045008243
5.07,6.220577169973868,0.0,0.5741653968894385
5.075,6.226711861462995,0.0,0.5742280886692054
5.08,6.232846552952121,0.0,0.5742960061715379
5.085,6.238981244441247,0.0,0.574368867532089
5.09,6.2451159359303725,0.0,0.5744462641468352
5.095,6.251250627419498,0.0,0.5745276793767518
5.1,6.257385318908624,0.0,0.5746124653258307
5.105,6.263520010397752,0.0,0.5746998567442286
5.11,6.269654701886878,0.0,0.5747889756267207
5.115,6.275789393376003,0.0,0.5748788252500873
5.12,6.281924084865129,0.0,0.5749683295556983
5.125,6.288058776354255,0.0,0.5750563145342928
5.13,6.294193467843382,0.0,0.5751415608497965
5.135,6.300328159332508,0.0,0.5752227993670485
5.14,6.306462850821633,0.0,0.5752987534205685
5.145,6.312597542310759,0.0,0.5753681830148383
5.15,6.318732233799887,0.0,0.5754298843868478
5.155,6.324866925289013,0.0,0.5754827701078035
5.16,6.331001616778138,0.0,0.5755258591069838
5.165,6.337136308267264,0.0,0.5755583527731138
5.17,6.34327099975639,0.0,0.5755796274942431
5.175,6.349405691245516,0.0,0.575589272028375
5.18,6.355540382734643,0.0,0.575587052084476
5.185,6.361675074223768,0.0,0.5755728342434677
5.19,6.367809765712895,0.0,0.5755469159526183
5.195,6.373944457202021,0.0,0.5755098113561704
5.2,6.380079148691147,0.0,0.5754622646241397
5.205,6.3862138401802735,0.0,0.5754051799100734
5.21,6.392348531669399,0.0,0.5753396143745015
5.215,6.398483223158525,0.0,0.5752667442003241
5.22,6.404617914647651,0.0,0.5751877971961724
5.225,6.410752606136777,0.0,0.575104052211458
5.23,6.416887297625904,0.0,0.5750167573828923
5.235,6.42302198911503,0.0,0.5749271477371914
5.24,6.429156680604156,0.0,0.574836369446297
5.245,6.435291372093282,0.0,0.5747454990066994
5.25,6.441426063582408,0.0,0.574655504422673
5.255,6.447560755071534,0.0,0.5745672373596984
5.26,6.45369544656066,0.0,0.5744814393265737
5.265,6.459830138049786,0.0,0.574398723150923
5.27,6.465964829538912,0.0,0.5743196015526234
5.275,6.4720995210280385,0.0,0.5742444554248327
5.28,6.478234212517165,0.0,0.5741735811930901
5.285,6.484368904006291,0.0,0.5741071702290589
5.29,6.490503595495417,0.0,0.5740453369255664
5.295,6.496638286984543,0.0,0.5739881149905568
5.3,6.5027729784736685,0.0,0.5739354754157715
5.305,6.508907669962794,0.0,0.5738873373813936
5.31,6.515042361451921,0.0,0.5738435709198543
5.315,6.521177052941048,0.0,0.5738040195383629
5.32,6.527311744430174,0.0,0.5737704918032789
5.325,6.533446435919299,0.0,0.5737704918032789
5.33,6.539581127408426,0.0,0.5737704918032789
5.335,6.545715818897552,0.0,0.5737704918032789
5.34,6.551850510386678,0.0,0.5737704918032789
5.345,6.557985201875804,0.0,0.5737704918032789
5.35,6.564119893364929,0.0,0.5737704918032789
5.355,6.570254584854057,0.0,0.5737704918032789
5.36,6.576389276343183,0.0,0.5737704918032789
5.365,6.582523967832309,0.0,0.5737704918032789
5.37,6.5886586593214345,0.0,0.5737704918032789
5.375,6.59479335081056,0.0,0.5737704918032789
5.38,6.600928042299686,0.0,0.5737704918032789
5.385,6.607062733788813,0.0,0.5737704918032789
5.39,6.613197425277939,0.0,0.5737705507237696
5.395,6.6193321167670645,0.0,0.5737710611531842
5.4,6.625466808256191,0.0,0.5737721230545751
5.405,6.631601499745318,0.0,0.5737737982821988
5.41,6.637736191234444,0.0,0.5737761783741931
5.415,6.6438708827235695,0.0,0.5737793860069695
5.42,6.650005574212695,0.0,0.5737835811115566
5.425,6.656140265701821,0.0,0.573789086081587
5.43,6.662274957190947,0.0,0.5737962255526363
5.435,6.668409648680074,0.0,0.573805321678534
5.44,6.6745443401692,0.0,0.5738167245194908
5.445,6.680679031658326,0.0,0.5738308020893319
5.45,6.686813723147452,0.0,0.5738479302460927
5.455,6.692948414636578,0.0,0.5738684854328773
5.46,6.699083106125705,0.0,0.5738928267280697
5.465,6.70521779761483,0.0,0.5739212910306359
5.47,6.711352489103956,0.0,0.5739541731931332
5.475,6.717487180593082,0.0,0.5739917135452846
5.48,6.72362187208221,0.0,0.5740340883969314
5.485,6.7297565635713354,0.0,0.5740813893785327
5.49,6.735891255060461,0.0,0.5741336227789179
5.495,6.742025946549587,0.0,0.5741906860571094
5.5,6.748160638038713,0.0,0.5742523726734561
5.505,6.754295329527839,0.0,0.5743183592937097
5.51,6.760430021016965,0.0,0.5743881935809033
5.515,6.766564712506091,0.0,0.5744613088842365
5.52,6.772699403995217,0.0,0.5745370040244273
5.525,6.778834095484344,0.0,0.5746144660872216
5.53,6.78496878697347,0.0,0.5746927683726188
5.535,6.791103478462596,0.0,0.5747708792581572
5.54,6.797238169951722,0.0,0.5748476969397408
5.545,6.803372861440848,0.0,0.5749220476382129
5.55,6.809507552929974,0.0,0.5749927400560584
5.555,6.8156422444191,0.0,0.5750585569088075
5.56,6.821776935908226,0.0,0.5751183214647693
5.565,6.827911627397353,0.0,0.5751709233147636
5.57,6.834046318886479,0.0,0.5752153362580108
5.575,6.840181010375605,0.0,0.5752506884661681
5.58,6.8463157018647305,0.0,0.5752762474341732
5.585,6.852450393353857,0.0,0.5752914924426589
5.59,6.858585084842983,0.0,0.5752961007077791
5.595,6.864719776332109,0.0,0.5752898868010191
5.6,6.870854467821235,0.0,0.5752729185464167
5.605,6.876989159310362,0.0,0.5752455536331121
5.61,6.883123850799488,0.0,0.5752083863451577
5.615,6.889258542288614,0.0,0.5751621718393108
5.62,6.89539323377774,0.0,0.5751078513387836
5.625,6.9015279252668655,0.0,0.5750464647636997
5.63,6.907662616755991,0.0,0.5749791540348879
5.635,6.913797308245118,0.0,0.5749070977729095
5.64,6.919931999734244,0.0,0.5748314738602892
5.645,6.92606669122337,0.0,0.5747534428586115
5.65,6.932201382712496,0.0,0.5746740911530374
5.655,6.938336074201622,0.0,0.5745944568168058
5.66,6.944470765690749,0.0,0.5745154524112819
5.665,6.950605457179875,0.0,0.5744379151941902
5.67,6.956740148669001,0.0,0.5743625480401181
5.675,6.962874840158126,0.0,0.5742899497002264
5.68,6.969009531647252,0.0,0.5742206020766792
5.685,6.975144223136378,0.0,0.5741548803721167
5.69,6.981278914625506,0.0,0.5740930680094409
5.695,6.9874136061146315,0.0,0.5740353446943023
5.7,6.993548297603757,0.0,0.5739818221014664
5.705,6.999682989092883,0.0,0.573932524886382
5.71,7.00581768058201,0.0,0.5738874301774491
5.715,7.011952372071136,0.0,0.5738464544255161
5.72,7.0180870635602615,0.0,0.5738094802553297
5.725,7.024221755049387,0.0,0.573776355199077
5.73,7.030356446538514,0.0,0.5737704918032789
5.735,7.036491138027641,0.0,0.5737704918032789
5.74,7.0426258295167665,0.0,0.5737704918032789
5.745,7.048760521005892,0.0,0.5737704918032789
5.75,7.054895212495018,0.0,0.5737704918032789
5.755,7.061029903984144,0.0,0.5737704918032789
5.76,7.06716459547327,0.0,0.5737704918032789
5.765,7.0732992869623965,0.0,0.5737704918032789
5.77,7.079433978451522,0.0,0.5737704918032789
5.775,7.085568669940649,0.0,0.5737704918032789
5.78,7.091703361429775,0.0,0.5737704918032789
5.785,7.097838052918902,0.0,0.5737705053929185
5.79,7.103972744408027,0.0,0.5737710853996895
5.795,7.110107435897153,0.0,0.5737725414210744
5.8,7.116242127386279,0.0,0.573774931027918
5.805,7.122376818875405,0.0,0.57377834599032
5.81,7.128511510364531,0.0,0.5737829225816087
5.815,7.134646201853658,0.0,0.5737889310927147
5.82,7.140780893342784,0.0,0.5737966408071702
5.825,7.14691558483191,0.0,0.5738063454997518
5.83,7.153050276321036,0.0,0.5738183646891598
5.835,7.159184967810162,0.0,0.5738330361846126
5.84,7.165319659299288,0.0,0.5738507073778913
5.845,7.171454350788414,0.0,0.5738717150685024
5.85,7.17758904227754,0.0,0.5738963831207565
5.855,7.183723733766667,0.0,0.5739249981756531
5.86,7.189858425255793,0.0,0.5739578019056161
5.865,7.195993116744919,0.0,0.5739949712551049
5.87,7.202127808234045,0.0,0.5740366012425051
5.875,7.208262499723171,0.0,0.5740827011641699
5.88,7.214397191212297,0.0,0.5741331689931745
5.885,7.220531882701422,0.0,0.5741877948268801
5.89,7.226666574190549,0.0,0.5742462476753643
5.895,7.232801265679675,0.0,0.574308063268557
5.9,7.238935957168802,0.0,0.5743726598925905
5.905,7.2450706486579275,0.0,0.5744393148051412
5.91,7.251205340147053,0.0,0.5745072016198075
5.915,7.25734003163618,0.0,0.5745753733647394
5.92,7.263474723125306,0.0,0.5746428023857658
5.925,7.269609414614432,0.0,0.5747083938209061
5.93,7.2757441061035575,0.0,0.5747709929814538
5.935,7.281878797592683,0.0,0.5748294480318186
5.94,7.288013489081811,0.0,0.5748826095952124
5.945,7.294148180570937,0.0,0.5749294012966268
5.95,7.3002828720600625,0.0,0.5749688312377164
5.955,7.306417563549188,0.0,0.5750000281562319
5.96,7.312552255038314,0.0,0.5750223008512627
5.965,7.318686946527441,0.0,0.5750351258969297
5.97,7.324821638016567,0.0,0.5750382252290821
5.975,7.3309563295056925,0.0,0.5750314373128864
5.98,7.337091020994819,0.0,0.5750148886764211
5.985,7.343225712483945,0.0,0.5749889529310647
5.99,7.349360403973072,0.0,0.5749542153991912
5.995,7.355495095462198,0.0,0.5749114510368466
6.0,7.361629786951323,0.0,0.5748615614906993
6.005,7.367764478440449,0.0,0.5748055855224632
6.01,7.373899169929575,0.0,0.5747445996706656
6.015,7.380033861418702,0.0,0.5746797443051267
6.02,7.386168552907828,0.0,0.574612124990152
6.025,7.392303244396954,0.0,0.5745428284029827
6.03,7.39843793588608,0.0,0.5744728734855462
6.035,7.404572627375206,0.0,0.5744031917617352
6.04,7.410707318864333,0.0,0.5743346221114413
6.045,7.4168420103534585,0.0,0.5742678793543424
6.05,7.422976701842584,0.0,0.5742035875610828
6.055,7.42911139333171,0.0,0.5741422350941816
6.06,7.435246084820836,0.0,0.5740842284044724
6.065,7.4413807763099635,0.0,0.5740298472716745
6.07,7.447515467799089,0.0,0.5739792911911582
6.075,7.453650159288215,0.0,0.5739326697114908
6.08,7.459784850777341,0.0,0.5738900177742264
6.085,7.465919542266467,0.0,0.5738513179853106
6.09,7.4720542337555935,0.0,0.5738164904561789
6.095,7.478188925244719,0.0,0.5737854291215482
6.1,7.484323616733845,0.0,0.5737704918032789
6.105,7.490458308222972,0.0,0.5737704918032789
6.11,7.496592999712098,0.0,0.5737704918032789
6.115,7.502727691201224,0.0,0.5737704918032789
6.12,7.50886238269035,0.0,0.5737704918032789
6.125,7.514997074179476,0.0,0.5737704918032789
6.13,7.521131765668602,0.0,0.5737704918032789
6.135,7.527266457157728,0.0,0.5737704918032789
6.14,7.5334011486468535,0.0,0.5737704918032789
6.145,7.53953584013598,0.0,0.5737704918032789
6.15,7.545670531625107,0.0,0.5737708745587742
6.155,7.551805223114233,0.0,0.5737724787950806
6.16,7.557939914603359,0.0,0.5737753808397984
6.165,7.564074606092485,0.0,0.5737796749061793
6.17,7.570209297581611,0.0,0.5737855567233924
6.175,7.576343989070737,0.0,0.5737932608815629
6.18,7.582478680559863,0.0,0.5738030489619357
6.185,7.588613372048989,0.0,0.5738152171419793
6.19,7.594748063538116,0.0,0.5738300848540859
6.195,7.600882755027242,0.0,0.5738479758951678
6.2,7.607017446516368,0.0,0.5738692169149092
6.205,7.613152138005494,0.0,0.5738941075586211
6.21,7.619286829494619,0.0,0.5739229151320433
6.215,7.625421520983745,0.0,0.5739558478997178
6.22,7.631556212472872,0.0,0.5739930372458178
6.225,7.637690903961998,0.0,0.5740345300344843
6.23,7.6438255954511245,0.0,0.5740802544908992
6.235,7.64996028694025,0.0,0.5741300324149354
6.24,7.656094978429377,0.0,0.5741835465320299
6.245,7.662229669918503,0.0,0.5742403414089813
6.25,7.668364361407629,0.0,0.5742998258947725
6.255,7.6744990528967545,0.0,0.5743612623876212
6.26,7.68063374438588,0.0,0.5744238039073225
6.265,7.686768435875006,0.0,0.57448647030757
6.27,7.692903127364133,0.0,0.5745482035446076
6.275,7.6990378188532596,0.0,0.5746078699237213
6.28,7.705172510342385,0.0,0.5746642863388973
6.285,7.711307201831511,0.0,0.5747162925690629
6.29,7.717441893320637,0.0,0.5747627419335622
6.295,7.723576584809764,0.0,0.5748025959269142
6.3,7.7297112762988895,0.0,0.574834919040802
6.305,7.735845967788015,0.0,0.574858940258022
6.31,7.741980659277141,0.0,0.5748740885645044
6.315,7.748115350766269,0.0,0.5748799940095914
6.32,7.754250042255395,0.0,0.5748765367560539
6.325,7.76038473374452,0.0,0.5748637858695008
6.33,7.766519425233646,0.0,0.5748421264622297
6.335,7.772654116722772,0.0,0.5748121335950755
6.34,7.778788808211898,0.0,0.5747745863104029
6.345,7.784923499701025,0.0,0.5747304095640018
6.35,7.79105819119015,0.0,0.5746806303583758
6.355,7.797192882679277,0.0,0.5746263768238742
6.36,7.803327574168403,0.0,0.5745687664850427
6.365,7.809462265657529,0.0,0.5745089502219803
6.37,7.8155969571466555,0.0,0.5744479850046583
6.375,7.821731648635781,0.0,0.5743868908348584
6.38,7.827866340124907,0.0,0.5743265742955861
6.385,7.834001031614033,0.0,0.5742678524271245
6.39,7.840135723103159,0.0,0.5742114315564258
6.395,7.846270414592285,0.0,0.5741578756349592
6.4,7.852405106081412,0.0,0.5741076742073389
6.405,7.858539797570538,0.0,0.5740611572760438
6.41,7.864674489059664,0.0,0.5740186006689844
6.415,7.87080918054879,0.0,0.5739801471998518
6.42,7.876943872037916,0.0,0.5739459090104749
6.425,7.883078563527042,0.0,0.5739160748074521
6.43,7.889213255016168,0.0,0.573890951051367
6.435,7.895347946505294,0.0,0.573870787598037
6.44,7.9014826379944205,0.0,0.5738555937569778
6.445,7.907617329483547,0.0,0.5738454297949016
6.45,7.913752020972673,0.0,0.5738404421493234
6.455,7.919886712461799,0.0,0.5738407001359406
6.46,7.926021403950925,0.0,0.5738456870744949
6.465,7.9321560954400505,0.0,0.5738557299620415
6.47,7.938290786929177,0.0,0.5738715439975194
6.475,7.944425478418303,0.0,0.5738941515615609
6.48,7.95056016990743,0.0,0.5739248738491619
6.485,7.956694861396556,0.0,0.5739654190925302
6.49,7.962829552885681,0.0,0.5740179848439042
6.495,7.968964244374808,0.0,0.5740852183864299
6.5,7.975098935863934,0.0,0.5741704282221576
6.505,7.98123362735306,0.0,0.574277580472831
6.51,7.987368318842186,0.0,0.5744114802610797
6.515,7.993503010331311,0.0,0.5745779419404263
6.52,7.999637701820437,0.0,0.5747838932108053
6.525,8.005772393309565,0.0,0.5750378455965501
6.53,8.01190708479869,0.0,0.5753501276291498
6.535,8.018041776287816,0.012811346636798414,0.5757337795416405
6.54,8.024176467776943,0.016929162710150998,0.5762052461168291
6.545,8.030311159266068,0.021881856606439546,0.5767860505616151
6.55,8.036445850755195,0.02856317467278312,0.5775047671782672
6.555,8.04258054224432,0.031520422387605336,0.5784006636589376
6.56,8.048715233733446,0.032774870375486355,0.5797150288016933
6.565,8.054849925222573,0.03359320617151502,0.5814779641736237
6.57,8.0609846167117,0.0359855304371037,0.5833605276156107
6.575,8.067119308200825,0.04222027980610628,0.5848109361282858
6.58,8.073253999689951,0.046772722001504376,0.5859301568478735
6.585,8.079388691179078,0.04935205807213965,0.5868056461909643
6.59,8.085523382668203,0.05213706739647243,0.5874977295723912
6.595,8.09165807415733,0.0579285407640989,0.58804922871754
6.6,8.097792765646455,0.06278615214008818,0.5884913190112585
6.605,8.103927457135583,0.06482997884814304,0.5888472375882584
6.61,8.110062148624708,0.06557377049180327,0.5891345219005305
6.615,8.116196840113835,0.06574492100083086,0.5893667369379472
6.62,8.12233153160296,0.06684316388357635,0.5895544122184156
6.625,8.128466223092087,0.06964941677461725,0.5897058911357456
6.63,8.134600914581211,0.07578806613780135,0.5898278205886957
6.635,8.140735606070338,0.07959321301673393,0.589925510838069
6.64,8.146870297559465,0.08154924886552414,0.5900032904885896
6.645,8.15300498904859,0.08340957859014317,0.5900646184993916
6.65,8.159139680537717,0.0861687554057313,0.5901123170651674
6.655,8.165274372026843,0.09194025477661079,0.5901486444002002
6.66,8.17140906351597,0.09571420790060589,0.5901639621852458
6.665,8.177543755005095,0.09749310032476761,0.59016438657899
6.67,8.183678446494222,0.09831850258117869,0.5901649324706071
6.675,8.189813137983347,0.09836065573770494,0.5901652604428412
6.68,8.195947829472473,0.09857996599030142,0.5901640367376763
6.685,8.202082520961598,0.09956753520824223,0.5901598695425363
6.69,8.208217212450727,0.10173509529448745,0.5901531244509225
6.695,8.214351903939852,0.10626695741919984,0.5901432688486379
6.7,8.220486595428978,0.11089164595403289,0.5901303632276872
6.705,8.226621286918103,0.11322319326906492,0.5901145431806132
6.71,8.23275597840723,0.11473629987295378,0.5900960641121743
6.715,8.238890669896357,0.11629340613139864,0.5900753356876876
6.72,8.245025361385482,0.11874599563809271,0.5900530087295414
6.725,8.251160052874608,0.12387180734142718,0.5900299632283433
6.73,8.257294744363735,0.12791791133688651,0.5900072922374058
6.735,8.263429435852862,0.12995301757293826,0.5899863163629592
6.74,8.269564127341987,0.1309538385535742,0.5899684566103971
6.745,8.275698818831113,0.13114754098360656,0.5899551667067845
6.75,8.281833510320238,0.1312504580767552,0.5899478711511449
6.755,8.287968201809365,0.13206494910772335,0.5899478462835869
6.76,8.29410289329849,0.1341196482462826,0.5899567872189959
6.765,8.300237584787617,0.13877118781086004,0.5899753262282931
6.77,8.306372276276743,0.14391107072739193,0.5900033127287517
6.775,8.31250696776587,0.14633985243435985,0.5900401973956323
6.78,8.318641659254995,0.14810958093734017,0.5900847813985288
6.785,8.324776350744122,0.15030692795535958,0.5901353702304902
6.79,8.330911042233248,0.15527170366113088,0.5901640360933676
6.795,8.337045733722373,0.16061884531212164,0.5901679740884462
6.8,8.3431804252115,0.16292149660033486,0.5901801304626768
6.805,8.349315116700625,0.16389832307465393,0.5902046341412824
6.81,8.355449808189752,0.1639460306679539,0.5902465472248595
6.815,8.361584499678878,0.16452586670559974,0.5903118002346224
6.82,8.367719191168005,0.16661669554626318,0.5904070701744392
6.825,8.37385388265713,0.17213056821719466,0.5905397354158494
6.83,8.379988574146257,0.17744437026515464,0.5907178430533959
6.835,8.386123265635382,0.1797124386202293,0.5909502611623297
6.84,8.392257957124508,0.181722050791146,0.5912467061298168
6.845,8.398392648613635,0.1851748933653757,0.591618277322906
6.85,8.40452734010276,0.19195787758058702,0.5920776392149072
6.855,8.410662031591887,0.19520010817807093,0.5926394848152599
6.86,8.416796723081013,0.19648847856434945,0.5933215345401833
6.865,8.42293141457014,0.19672131147540986,0.5941448777955618
6.87,8.429066106059265,0.19704532573795966,0.5951355395468254
6.875,8.435200797548392,0.19859245173918205,0.5965180345788481
6.88,8.441335489037517,0.20252403766733904,0.5982370692596344
6.885,8.447470180526643,0.2088699095566591,0.599849978256901
6.89,8.45360487201577,0.21171863170416602,0.6010401048425151
6.895,8.459739563504895,0.21344569445051548,0.6019343815327965
6.9,8.465874254994022,0.21549335832849031,0.6026149738562093
6.905,8.472008946483149,0.21972610565504497,0.603137219427566
6.91,8.478143637972273,0.22543966112284405,0.6035382099604252
6.915,8.4842783294614,0.22804114037448459,0.6038439908779013
6.92,8.490413020950527,0.22920651824818664,0.604073369148557
6.925,8.496547712439652,0.2295081967213115,0.6042400712885523
6.93,8.502682403928778,0.22956817362484633,0.60435442084983
6.935,8.508817095417903,0.23022515415961306,0.604424109319266
6.94,8.514951786907032,0.23191997888035365,0.6044547812442091
6.945,8.521086478396157,0.23536433235828164,0.6044507557148531
6.95,8.527221169885284,0.24077609251411441,0.6044156784600819
6.955,8.533355861374408,0.24375154209759803,0.6043522534323541
6.96,8.539490552863535,0.24536224289845734,0.6042633669158028
6.965,8.545625244352662,0.24689822395184965,0.6041523267899536
6.97,8.551759935841787,0.24877202083418623,0.6040230173172197
6.975,8.557894627330914,0.25258110772191056,0.6038800509862248
6.98,8.56402931882004,0.2576541138370809,0.603728699951225
6.985,8.570164010309165,0.260386559558262,0.6035758122433218
6.99,8.576298701798292,0.26173701330853555,0.6034299128752774
6.995,8.582433393287419,0.26229508196716256,0.6033010858526029
7.0,8.588568084776544,0.262298482803821,0.6031995905002921
7.005,8.59470277626567,0.26267855217671626,0.6031351854222929
7.01,8.600837467754795,0.26400193652935255,0.6031168352110768
7.015,8.606972159243922,0.26693812902994285,0.6031533722843893
7.02,8.613106850733049,0.2728327146816542,0.6032501987029476
7.025,8.619241542222175,0.2764156649367238,0.6034069580286431
7.03,8.6253762337113,0.278298915016018,0.6036191474433524
7.035,8.631510925200427,0.28016567680500337,0.6038776458046525
7.04,8.637645616689554,0.2832911291519157,0.604170188308388
7.045,8.643780308178679,0.28969604450340064,0.604483302108586
7.05,8.649914999667805,0.29321513989592957,0.6048037441326624
7.055,8.65604969115693,0.29470266713640675,0.6051193887374561
7.06,8.662184382646057,0.29508196721311486,0.6054197892039573
7.065,8.668319074135184,0.295286391275356,0.605697366451471
7.07,8.67445376562431,0.2966531236012637,0.6059467515399632
7.075,8.680588457113435,0.30043905627808865,0.6061648212306133
7.08,8.686723148602562,0.30721650790501764,0.6063505232150428
7.085,8.692857840091687,0.3102258073490677,0.6065043789542784
7.09,8.698992531580814,0.31211348178868153,0.6065573770491804
7.095,8.70512722306994,0.3147189188947173,0.6065573770491804
7.1,8.711261914559065,0.32115407957837633,0.6065573770491804
7.105,8.717396606048192,0.3255826188437615,0.6065573770491804
7.11,8.723531297537319,0.3273170846929954,0.6065573770491804
7.115,8.729665989026445,0.32786885245871583,0.6065573770491804
7.12,8.73580068051557,0.3279336948286491,0.6065573770491804
7.125,8.741935372004697,0.3287660079669184,0.6065573770491804
7.13,8.748070063493822,0.3311605167705162,0.6065573770491804
7.135,8.754204754982949,0.3368489832639385,0.6065573770491804
7.14,8.760339446472074,0.3413667914394301,0.6065573770491804
7.145,8.7664741379612,0.3433734131510659,0.6065573770491804
7.15,8.772608829450327,0.3449467473868705,0.6065573770491804
7.155,8.778743520939454,0.3468732463416449,0.6065573770491804
7.16,8.784878212428579,0.3508113570724184,0.6065573770491804
7.165,8.791012903917705,0.35614181296273917,0.6065573770491804
7.17,8.797147595406832,0.3588203403216172,0.6065573770491804
7.175,8.803282286895957,0.3601110860232503,0.6065573770491804
7.18,8.809416978385084,0.3606557377049181,0.6065573770491804
7.185,8.815551669874209,0.3606557377049181,0.6065573770491804
7.19,8.821686361363337,0.3608112686695424,0.6065573770491804
7.195,8.827821052852462,0.36153012318730127,0.6065573770491804
7.2,8.833955744341589,0.3629807076050216,0.6065573770491804
7.205,8.840090435830714,0.365503598155602,0.6065573770491804
7.21,8.84622512731984,0.3700921577119087,0.6065573770491804
7.215,8.852359818808965,0.37352575548517447,0.6065573770491804
7.22,8.858494510298092,0.3754976092398285,0.6065573770491804
7.225,8.864629201787219,0.3768873143270487,0.6065573770491804
7.23,8.870763893276346,0.37825033713273903,0.6065573770491804
7.235,8.87689858476547,0.3799877117141372,0.6065573603278349
7.24,8.883033276254597,0.383135110061121,0.6065491110988633
7.245,8.889167967743724,0.38774611354584587,0.6065226242594134
7.25,8.895302659232849,0.39074686158338606,0.6064783145137144
7.255,8.901437350721976,0.3924121176040319,0.6064265845340945
7.26,8.9075720422111,0.39331655518446673,0.6063873995304132
7.265,8.913706733700227,0.3934426229508198,0.6063789730613485
7.27,8.919841425189354,0.39369962100730005,0.6064187723301021
7.275,8.92597611667848,0.3951851959284581,0.6064997913717307
7.28,8.932110808167605,0.0,0.6065573770491804
7.285,8.938245499656732,0.0,0.6065573770491804
7.29,8.944380191145857,0.0,0.6065573770491804
7.295,8.950514882634984,0.0,0.6065573770491804
7.3,8.95664957412411,0.0,0.6065573770491804
7.305,8.962784265613235,0.0,0.6065573770491804
7.31,8.968918957102362,0.0,0.6065573770491804
7.315,8.975053648591489,0.0,0.6065573770491804
7.32,8.981188340080616,0.0,0.6065662476378388
7.325,8.98732303156974,0.0,0.6067124289380028
7.33,8.993457723058867,0.0,0.6070315914052754
7.335,8.999592414547992,0.0,0.6074410981645256
7.34,9.005727106037119,0.0,0.6078287590785673
7.345,9.011861797526246,0.0,0.608069743837812
7.35,9.01799648901537,0.0,0.6081028348403393
7.355,9.024131180504497,0.0,0.607981767660401
7.36,9.030265871993624,0.0,0.607763248040903
7.365,9.036400563482749,0.0,0.6074953119478218
7.37,9.042535254971876,0.0,0.6072327656151079
7.375,9.048669946461002,0.0,0.6070029079307065
7.38,9.054804637950127,0.0,0.6068097247164429
7.385,9.060939329439254,0.0,0.6066563048885382
7.39,9.067074020928379,0.0,0.6065573770491804
7.395,9.073208712417506,0.0,0.6065573770491804
7.4,9.079343403906632,0.0,0.6065573770491804
7.405,9.085478095395759,0.0,0.6065573770491804
7.41,9.091612786884884,0.0,0.6065573770491804
7.415,9.09774747837401,0.0,0.6065573770491804
7.42,9.103882169863137,0.01610280146760478,0.6065573770491804
7.425,9.110016861352262,0.019626559453528702,0.6065573770491804
7.43,9.116151552841389,0.021632644221330145,0.6065573770491804
7.435,9.122286244330514,0.032126909138990106,0.6065573770491804
7.44,9.12842093581964,0.04271081362628649,0.6065573770491804
7.445,9.134555627308767,0.04571300834361496,0.6065573770491804
7.45,9.140690318797894,0.0,0.6065573770491804
7.455,9.146825010287019,0.0,0.6065573770491804
7.46,9.152959701776146,0.0,0.6065692261772491
7.465,9.15909439326527,0.0,0.6066620535582037
7.47,9.165229084754397,0.0,0.6069029736030591
7.475,9.171363776243524,0.0,0.6073771155432754
7.48,9.17749846773265,0.0,0.6082188068428572
7.485,9.183633159221776,0.0,0.6096846129680743
7.49,9.189767850710902,0.0,0.6124310491171469
7.495,9.19590254220003,0.0,0.6173068123210844
7.5,9.202037233689154,0.0,0.6200056367962907
7.505,9.20817192517828,0.0,0.6214092446331274
7.51,9.214306616667406,0.0,0.622167398508287
7.515,9.220441308156532,0.0,0.6225786934763559
7.52,9.226575999645657,0.0,0.622799105218662
7.525,9.232710691134786,0.0,0.6229076922213109
7.53,9.23884538262391,0.0,0.6229442203888638
7.535,9.244980074113037,0.0,0.6229310670222339
7.54,9.251114765602162,0.0,0.6228615206509851
7.545,9.257249457091289,0.0,0.6226853326959711
7.55,9.263384148580416,0.0,0.6223000519026446
7.555,9.26951884006954,0.0,0.6215357908962509
7.56,9.275653531558667,0.0,0.6200954407125083
7.565,9.281788223047794,0.0,0.6172704754932862
7.57,9.28792291453692,0.0,0.6121047199704859
7.575,9.294057606026046,0.0,0.6093490328132801
7.58,9.300192297515173,0.0,0.6079808952402554
7.585,9.306326989004297,0.0,0.6072437311679167
7.59,9.312461680493424,0.0,0.606800612397003
7.595,9.318596371982549,0.0,0.6065573770491804
7.6,9.324731063471676,0.0,0.6065573770491804
7.605,9.330865754960803,0.0,0.6065573770491804
7.61,9.33700044644993,0.0,0.6065573770491804
7.615,9.343135137939054,0.0,0.6065573770491804
7.62,9.34926982942818,0.0,0.6065573770491804
7.625,9.355404520917308,0.0,0.6065573770491804
7.63,9.361539212406432,0.0,0.6065573770491804
7.635,9.36767390389556,0.0,0.6065573770491804
7.64,9.373808595384684,0.0,0.6065573770491804
7.645,9.37994328687381,0.0,0.6065573770491804
7.65,9.386077978362938,0.0,0.6065573770491804
7.655,9.392212669852064,0.0,0.6064843061999393
7.66,9.39834736134119,0.0,0.6050079055434309
7.665,9.404482052830316,0.0,0.1279256980351474
7.67,9.41061674431944,0.0,0.0993276916891548
7.675,9.416751435808568,0.0,0.6188033908963552
7.68,9.422886127297694,0.0,0.6209243887970337
7.685,9.42902081878682,0.0,0.6210734685168471
7.69,9.435155510275946,0.0,0.620642324913974
7.695,9.441290201765073,0.0,0.6198624314086189
7.7,9.4474248932542,0.0,0.6190166173130028
7.705,9.453559584743324,0.0,0.6154558690797727
7.71,9.459694276232451,0.0,0.1772801466045127
7.715,9.465828967721576,0.0,0.17994035556625937
7.72,9.471963659210703,0.0,0.18041384501503338
7.725,9.47809835069983,0.0,0.18144741845932774
7.73,9.484233042188956,0.0,0.18322093015616248
7.735,9.490367733678081,0.0,0.1814793997571531
7.74,9.496502425167208,0.0,0.17848683574677696
7.745,9.502637116656333,0.0,0.17735967700707714
7.75,9.50877180814546,0.0,0.1772830269939026
7.755,9.514906499634586,0.0,0.1772559609466039
7.76,9.521041191123711,0.0,0.20787024655101474
7.765,9.527175882612838,0.0,0.2105350248630604
7.77,9.533310574101963,0.0,0.2118353826446524
7.775,9.539445265591091,0.0,0.2128408430488811
7.78,9.545579957080216,0.0,0.2130711979877721
7.785,9.551714648569343,0.0,0.2130323233021103
7.79,9.557849340058468,0.0,0.21279948471604085
7.795,9.563984031547594,0.0,0.21204347316602004
7.8,9.570118723036721,0.0,0.1934598180078388
7.805,9.576253414525846,0.0,0.22243282028513126
7.81,9.582388106014973,0.0,0.22567773424780227
7.815,9.5885227975041,0.0,0.2275519713163693
7.82,9.594657488993224,0.0,0.22670944451825734
7.825,9.600792180482351,0.0,0.18502036094183613
7.83,9.606926871971478,0.0,0.1873866379761255
7.835,9.613061563460603,0.0,0.19243106532913018
7.84,9.61919625494973,0.0,0.23813060411153444
7.845,9.625330946438854,0.011263184624072537,0.2393636006527553
7.85,9.631465637927981,0.01449948136028921,0.21249906205373917
7.855,9.637600329417108,0.01826991921363297,0.2156475519257405
7.86,9.643735020906234,0.02726054262913806,0.22573310426107082
7.865,9.64986971239536,0.029707924656381553,0.22883328200630818
7.87,9.656004403884486,0.029782052297454946,0.2293251452805101
7.875,9.662139095373613,0.029783349188007,0.22947077429402873
7.88,9.668273786862738,0.029786311485976717,0.2310276932445719
7.885,9.674408478351864,0.02984553751384584,0.2379384931843897
7.89,9.68054316984099,0.031023679321617096,0.24330428601159076
7.895,9.686677861330116,0.0,0.24471563002928876
7.9,9.692812552819243,0.0,0.2462877670332163
7.905,9.69894724430837,0.0,0.24947741552381886
7.91,9.705081935797494,0.0,0.2548827111559687
7.915,9.711216627286621,0.0,0.2582323366655505
7.92,9.717351318775746,0.0,0.2601614522499781
7.925,9.723486010264873,0.0,0.26249717826003804
7.93,9.729620701754,0.0,0.2653219595440481
7.935,9.735755393243124,0.0,0.2686597283520744
7.94,9.741890084732251,0.0,0.27256324542550087
7.945,9.748024776221378,0.0,0.2748928384666573
7.95,9.754159467710505,0.0,0.27553308379031627
7.955,9.76029415919963,0.0,0.27551641348392814
7.96,9.766428850688756,0.0,0.2752408053368795
7.965,9.772563542177881,0.0,0.2750689137912049
7.97,9.778698233667008,0.0,0.2749725219374277
7.975,9.784832925156133,0.0,0.2747355581012836
7.98,9.790967616645261,0.0,0.27442975799556485
7.985,9.797102308134386,0.0,0.2735393962540371
7.99,9.803236999623513,0.0,0.27158714714935234
7.995,9.809371691112638,0.0,0.2656710914100148
8.0,9.815506382601765,0.0,0.2612520298881162
8.005,9.821641074090891,0.0,0.2596271594474477
8.01,9.827775765580016,0.0,0.25939839427623784
8.015,9.833910457069143,0.0,0.25966336805955637
8.02,9.840045148558268,0.0,0.2600299598611863
8.025,9.846179840047396,0.0,0.2603375055202537
8.03,9.852314531536521,0.0,0.26060935248515826
8.035,9.858449223025648,0.0,0.2608866677917239
8.04,9.864583914514773,0.0,0.26112075355684516
8.045,9.8707186060039,0.0,0.26123973733456274
8.05,9.876853297493026,0.0,0.2619011827496067
8.055,9.882987988982151,0.0,0.26246080447772213
8.06,9.889122680471278,0.0,0.26270140437888534
8.065,9.895257371960403,0.0,0.26237707947906913
8.07,9.90139206344953,0.0,0.2618433894666264
8.075,9.907526754938655,0.0,0.26124109923661204
8.08,9.913661446427783,0.0,0.25939830367878314
8.085,9.91979613791691,0.0,0.25421600163312114
8.09,9.925930829406035,0.0,0.1967334661446437
8.095,9.932065520895161,0.0,0.19673346367010883
8.1,9.938200212384286,0.0,0.19673346356159105
8.105,9.944334903873413,0.0,0.1967465608382044
8.11,9.950469595362538,0.0,0.19691863808235216
8.115,9.956604286851665,0.0,0.19751281744858817
8.12,9.96273897834079,0.0,0.19882710476491827
8.125,9.968873669829916,0.0,0.20089464107207738
8.13,9.975008361319045,0.0,0.20333324918499784
8.135,9.98114305280817,0.0,0.2244697033650692
8.14,9.987277744297296,0.0,0.22691169322529625
8.145,9.993412435786421,0.0,0.22676202007978294
8.15,9.999547127275548,0.0,0.22514001286734525
8.155,10.005681818764673,0.0,0.21927048998554113
8.16,10.0118165102538,0.0,0.2149417460682259
8.165,10.017951201742925,0.0,0.21371515114062656
8.17,10.024085893232051,0.0,0.2143730731518815
8.175,10.03022058472118,0.0,0.21386843251111895
8.18,10.036355276210305,0.0,0.20855847814766904
8.185,10.042489967699431,0.0,0.20117982635905318
8.19,10.048624659188556,0.0,0.22235361261395967
8.195,10.054759350677683,0.0,0.22435397153276934
8.2,10.060894042166808,0.0,0.22543222036492921
8.205,10.067028733655935,0.0,0.22615288534324895
8.21,10.073163425145061,0.0,0.22604597232156828
8.215,10.079298116634186,0.0,0.22528347222780248
8.22,10.085432808123313,0.0,0.25620919401895703
8.225,10.091567499612438,0.0,0.2584442397780861
8.23,10.097702191101567,0.018658551152015587,0.25939605446908387
8.235,10.103836882590691,0.016154196104943314,0.2593945377973371
8.24,10.109971574079818,0.014402048183871094,0.25925857068510794
8.245,10.116106265568943,0.012410201289213491,0.2576743810157318
8.25,10.12224095705807,0.011864512049016326,0.2496360293341433
8.255,10.128375648547197,0.011388396206216829,0.24437270099824807
8.26,10.134510340036321,0.011088132301860055,0.24305852009932108
8.265,10.140645031525448,0.010707718643022706,0.24103715462478625
8.27,10.146779723014573,0.00973247169664643,0.2301296544240164
8.275,10.1529144145037,0.0,0.22704079047375406
8.28,10.159049105992825,0.0,0.22667402504398804
8.285,10.165183797481953,0.0,0.22698665862175546
8.29,10.171318488971078,0.0,0.22701709625184768
8.295,10.177453180460205,0.0,0.22599576947310196
8.3,10.183587871949332,0.0,0.224431657566982
8.305,10.189722563438457,0.0,0.2187761932529492
8.31,10.195857254927583,0.0,0.21120993709668048
8.315,10.201991946416708,0.0,0.20813549470695264
8.32,10.208126637905835,0.0,0.2074719367803183
8.325,10.21426132939496,0.0,0.20816530165556404
8.33,10.220396020884088,0.0,0.20932268369772297
8.335,10.226530712373215,0.0,0.21000076977707569
8.34,10.23266540386234,0.0,0.21036272374853543
8.345,10.238800095351467,0.0,0.21074921667573687
8.35,10.244934786840592,0.0,0.21043534722603643
8.355,10.251069478329718,0.0,0.21031418302609597
8.36,10.257204169818843,0.0,0.20942873342000118
8.365,10.26333886130797,0.0,0.2058113213764586
8.37,10.269473552797095,0.0,0.17640747555668568
8.375,10.275608244286222,0.0,0.17765765103370518
8.38,10.28174293577535,0.0,0.1767866140615655
8.385,10.287877627264475,0.0,0.22301167807969877
8.39,10.294012318753602,0.0,0.22352386666369642
8.395,10.300147010242727,0.0,0.2227183839989978
8.4,10.306281701731853,0.0,0.22295326776302282
8.405,10.312416393220978,0.0,0.22248202689333627
8.41,10.318551084710105,0.0,0.2218188431126192
8.415,10.32468577619923,0.0,0.19041781529036003
8.42,10.330820467688357,0.0,0.19063972322917372
8.425,10.336955159177483,0.0,0.1893008418225636
8.43,10.343089850666608,0.0,0.15360924437598358
8.435,10.349224542155737,0.0,0.1795813756983062
8.44,10.355359233644862,0.0,0.1805574660263429
8.445,10.361493925133988,0.0,0.18080834665090728
8.45,10.367628616623113,0.0,0.18220731027267878
8.455,10.37376330811224,0.0,0.18309537111394125
8.46,10.379897999601367,0.0,0.1836232821499625
8.465,10.386032691090492,0.0,0.1840826356512167
8.47,10.392167382579618,0.0,0.18490934266375686
8.475,10.398302074068743,0.0,0.20850662294897593
8.48,10.404436765557872,0.0,0.21215969447057642
8.485,10.410571457046997,0.0,0.21437023323934976
8.49,10.416706148536123,0.0,0.21574194763538426
8.495,10.422840840025248,0.0,0.21657250020762955
8.5,10.428975531514375,0.009632580746140287,0.21730515253901345
8.505,10.435110223003502,0.011476234636211379,0.21763994148291976
8.51,10.441244914492627,0.011895941376940512,0.21682955174860272
8.515,10.447379605981753,0.011905510251907699,0.21524802492046646
8.52,10.453514297470878,0.011984429911549965,0.21374894346359263
8.525,10.459648988960005,0.012163298187580305,0.2125912056500384
8.53,10.46578368044913,0.012458682959750177,0.21193367464269547
8.535,10.471918371938258,0.012885117636055807,0.21153435185981043
8.54,10.478053063427383,0.013613538940098448,0.21146266444479606
8.545,10.48418775491651,0.014589280568126117,0.21144568426143012
8.55,10.490322446405637,0.015815234348810735,0.21100764395775473
8.555,10.496457137894762,0.017318712924782518,0.20984656043640482
8.56,10.502591829383888,0.019154727930886455,0.20760704872630031
8.565,10.508726520873013,0.02097533729392261,0.2034683640683597
8.57,10.51486121236214,0.02155560684969501,0.19949158301162453
8.575,10.520995903851265,0.0,0.19742423539507004
8.58,10.527130595340392,0.0,0.1963328932245129
8.585,10.53326528682952,0.0,0.1956959944831016
8.59,10.539399978318645,0.0,0.19535892954087766
8.595,10.545534669807772,0.0,0.1952200205376689
8.6,10.551669361296897,0.0,0.19521792541475536
8.605,10.557804052786024,0.012819343145968757,0.19536957597502042
8.61,10.563938744275148,0.014122196221977301,0.19555942876452542
8.615,10.570073435764275,0.013844756562728726,0.19576982056300787
8.62,10.5762081272534,0.014059082654076148,0.19593497064546006
8.625,10.582342818742527,0.014223597477891151,0.19600137857247454
8.63,10.588477510231655,0.014377991653199848,0.19595164944281102
8.635,10.59461220172078,0.014761869217186488,0.19580172422028333
8.64,10.600746893209907,0.015588464452684154,0.19551606551081083
8.645,10.606881584699032,0.016782416965228204,0.19514339049298246
8.65,10.613016276188159,0.01759786069598361,0.1948492979061606
8.655,10.619150967677284,0.016895763352101762,0.1947971644305272
8.66,10.62528565916641,0.0,0.19549454406670053
8.665,10.631420350655535,0.0,0.19785938265393538
8.67,10.637555042144662,0.0,0.2044572102980693
8.675,10.643689733633789,0.0,0.2084830369539058
8.68,10.649824425122913,0.0,0.21032398658545529
8.685,10.655959116612042,0.0,0.2113630507330494
8.69,10.662093808101167,0.0,0.2119999795171759
8.695,10.668228499590294,0.01391564669551326,0.21243675389024166
8.7,10.674363191079419,0.014023796696977705,0.21271464709165014
8.705,10.680497882568545,0.013299015057487503,0.21283641628329159
8.71,10.686632574057672,0.01228318097527641,0.21276420976542607
8.715,10.692767265546797,0.010938532556910274,0.212555620504191
8.72,10.698901957035924,0.009186808251897693,0.21232530853557832
8.725,10.705036648525049,0.0,0.21218123394706564
8.73,10.711171340014175,0.0,0.21215050123697937
8.735,10.7173060315033,0.0,0.21183624892909741
8.74,10.723440722992429,0.0,0.21102028372562634
8.745,10.729575414481554,0.0,0.20938187626642138
8.75,10.73571010597068,0.0,0.20540758997574737
8.755,10.741844797459807,0.0,0.1962779325039077
8.76,10.747979488948932,0.0,0.19482600398607036
8.765,10.754114180438059,0.0,0.19451120104510827
8.77,10.760248871927184,0.0,0.19457058652208262
8.775,10.76638356341631,0.0,0.19497789944747354
8.78,10.772518254905435,0.0,0.195436393462764
8.785,10.778652946394564,0.0,0.195787943975239
8.79,10.784787637883687,0.0,0.1957879735692543
8.795,10.790922329372815,0.0,0.19578799899351249
8.8,10.797057020861942,0.0,0.19578803977372844
8.805,10.803191712351067,0.0,0.1956888503715605
8.81,10.809326403840194,0.0,0.19549838283469545
8.815,10.815461095329319,0.0,0.19536558280340535
8.82,10.821595786818445,0.0,0.19519631397171694
8.825,10.82773047830757,0.0,0.1949480148187886
8.83,10.833865169796697,0.0,0.19447726897176548
8.835,10.839999861285825,0.0,0.19372481020199944
8.84,10.84613455277495,0.0,0.19264290766696013
8.845,10.852269244264077,0.0,0.19114845823851245
8.85,10.858403935753202,0.0,0.1892239612748998
8.855,10.864538627242329,0.0,0.1871286198455991
8.86,10.870673318731454,0.0,0.18589455556197293
8.865,10.87680801022058,0.0,0.185097586355913
8.87,10.882942701709705,0.0,0.18448533463135497
8.875,10.889077393198832,0.0,0.18402618219072595
8.88,10.895212084687959,0.0,0.1836620299614568
8.885,10.901346776177084,0.0,0.1833984566410966
8.89,10.907481467666212,0.0,0.18326688825710633
8.895,10.913616159155337,0.0,0.183050257913849
8.9,10.919750850644464,0.0,0.18253046604237755
8.905,10.925885542133589,0.0,0.18202939671602258
8.91,10.932020233622715,0.0,0.18165453080467156
8.915,10.93815492511184,0.0,0.18126485688506064
8.92,10.944289616600967,0.0,0.18077558497104168
8.925,10.950424308090094,0.0,0.18036012721820616
8.93,10.956558999579219,0.0,0.1800903042019738
8.935,10.962693691068347,0.0,0.17996822433577664
8.94,10.968828382557472,0.0,0.18000799775405468
8.945,10.974963074046599,0.0,0.1801844155220887
8.95,10.981097765535724,0.0,0.18045483362988463
8.955,10.98723245702485,0.0,0.1808161553377456
8.96,10.993367148513977,0.0,0.18123801805325152
8.965,10.999501840003102,0.0,0.18132635832792707
8.97,11.005636531492229,0.0,0.18124916899996113
8.975,11.011771222981354,0.0,0.18110739636379053
8.98,11.01790591447048,0.0,0.18118986168557477
8.985,11.024040605959605,0.0,0.18146401623609903
8.99,11.030175297448734,0.0,0.1812583942132847
8.995,11.036309988937859,0.0,0.18162027582465196
9.0,11.042444680426986,0.0,0.18222699363153194
